,accession,hit_def,hit_id,title,length,e_value,sequence,subject_start,subject_end,query_start,query_end,uid
0,NP_056179,"lymphocyte antigen 96 isoform 1 precursor [Homo sapiens] >sp|Q9Y6Y9.2| RecName: Full=Lymphocyte antigen 96; Short=Ly-96; AltName: Full=ESOP-1; AltName: Full=Protein MD-2; Flags: Precursor [Homo sapiens] >gb|AKI71616.1| LY96, partial [synthetic construct] >gb|EAW87024.1| lymphocyte antigen 96 [Homo sapiens]",ref|NP_056179.4|,"ref|NP_056179.4| lymphocyte antigen 96 isoform 1 precursor [Homo sapiens] >sp|Q9Y6Y9.2| RecName: Full=Lymphocyte antigen 96; Short=Ly-96; AltName: Full=ESOP-1; AltName: Full=Protein MD-2; Flags: Precursor [Homo sapiens] >gb|AKI71616.1| LY96, partial [synthetic construct] >gb|EAW87024.1| lymphocyte antigen 96 [Homo sapiens]",160,7.94915e-115,MLPFLFFSTLFSSIFTEAQKQYWVCNSSDASISYTYCDKMQYPISINVNPCIELKRSKGLLHIFYIPRRDLKQLYFNLYITVNTMNLPKRKEVICRGSDDDYSFCRALKGETVNTTISFSFKGIKFSKGKYKCVVEAISGSPEEMLFCLEFVILHQPNSN,1,160,9,168,fB9BrH1E7U
1,NP_001123946,"lymphocyte antigen 96 precursor [Pan troglodytes] >ref|NP_001266149.1| lymphocyte antigen 96 precursor [Pan paniscus] >gb|AAF89635.1| ESOP1 [Homo sapiens] >gb|AIC51010.1| LY96, partial [synthetic construct] >emb|SJX40458.1| unnamed protein product, partial [Human ORFeome Gateway entry vector] >gb|AAH20690.1| Lymphocyte antigen 96 [Homo sapiens] >gb|PNI56279.1| LY96 isoform 1 [Pan troglodytes]",ref|NP_001123946.1|,"ref|NP_001123946.1| lymphocyte antigen 96 precursor [Pan troglodytes] >ref|NP_001266149.1| lymphocyte antigen 96 precursor [Pan paniscus] >gb|AAF89635.1| ESOP1 [Homo sapiens] >gb|AIC51010.1| LY96, partial [synthetic construct] >emb|SJX40458.1| unnamed protein product, partial [Human ORFeome Gateway entry vector] >gb|AAH20690.1| Lymphocyte antigen 96 [Homo sapiens] >gb|PNI56279.1| LY96 isoform 1 [Pan troglodytes]",160,9.59925e-114,MLPFLFFSTLFSSIFTEAQKQYWVCNSSDASISYTYCDKMQYPISINVNPCIELKGSKGLLHIFYIPRRDLKQLYFNLYITVNTMNLPKRKEVICRGSDDDYSFCRALKGETVNTTISFSFKGIKFSKGKYKCVVEAISGSPEEMLFCLEFVILHQPNSN,1,160,9,168,1XAVBgX6CH
2,XP_002819229,lymphocyte antigen 96 [Pongo abelii] >gb|PNJ54372.1| LY96 isoform 1 [Pongo abelii] >dbj|BAG55279.1| MD2 protein [Pongo pygmaeus],ref|XP_002819229.1|,ref|XP_002819229.1| lymphocyte antigen 96 [Pongo abelii] >gb|PNJ54372.1| LY96 isoform 1 [Pongo abelii] >dbj|BAG55279.1| MD2 protein [Pongo pygmaeus],160,2.52145e-113,MLPFLFFSTLFSSIFTEAQKQYWVCNSSDASISYTYCDKMQYPISININPCIELKGSKGLLHIFYIPRRDLKQLYFNLYITVNTMNLPKRKEVICRGSDDDYSFCRALKGETVNTTVSFSFKGIKFSKGKYKCVVEAISGSPEEMLFCLEFVILHQPNSN,1,160,9,168,yyRzEOLTYA
3,AKI71615,"LY96, partial [synthetic construct]",gb|AKI71615.1|,"gb|AKI71615.1| LY96, partial [synthetic construct]",160,3.66181e-113,MLPFLFFSTLFSSIFTEAQKQYWVCNSSDASISYAYCDKMQYPISINVNPCIELKGSKGLLHIFYIPRRDLKQLYFNLYITVNTMNLPKRKEVICRGSDDDYSFCRALKGETVNTTISFSFKGIKFSKGKYKCVVEAISGSPEEMLFCLEFVILHQPNSN,1,160,9,168,gk2k8WheJI
4,NP_001266676,lymphocyte antigen 96 precursor [Gorilla gorilla] >dbj|BAG55278.1| MD2 protein [Gorilla gorilla],ref|NP_001266676.1|,ref|NP_001266676.1| lymphocyte antigen 96 precursor [Gorilla gorilla] >dbj|BAG55278.1| MD2 protein [Gorilla gorilla],160,4.76519e-113,MLPFLFFSTLFSSTFTEAQKQYWVCNSSDASISYTYCDKMQYPISINVNPCIELKGSKGLLHIFYIPRRDLKQLYFNLYITVNTMNLPKRKEVICRGSDDDYSFCRALKGETVNTTISFSFKGIKFSKGKYKCVVEAISGSPEEMLFCLEFVILHQPNSN,1,160,9,168,kDptK4tbG7
5,XP_011792572,PREDICTED: lymphocyte antigen 96 isoform X1 [Colobus angolensis palliatus],ref|XP_011792572.1|,ref|XP_011792572.1| PREDICTED: lymphocyte antigen 96 isoform X1 [Colobus angolensis palliatus],160,1.37418e-109,MLPFLFFSTLFSSIFTEAQKHYWVCNSSDASISYTYCDKMQYPISINVNPCIELKGSRGLLHIFYIPRRDLKQLYFNLYITVNSMTLPKRKEVICRGSDDDYSFCRALKGETVNTTVPFSFRGIKFSKGKYKCVVEAISGSPEEMLFCLEFVIIHQPNSN,1,160,9,168,73TFpnFyYl
6,XP_003269495,PREDICTED: lymphocyte antigen 96 isoform X1 [Nomascus leucogenys],ref|XP_003269495.1|,ref|XP_003269495.1| PREDICTED: lymphocyte antigen 96 isoform X1 [Nomascus leucogenys],160,1.65599e-109,MLPFLFFSTLFSSIFTEPQKQYWVCNSSDASISYTYCDKMQYPISININPCIELKGSKGLLHIFYIPRRDLKQLYFNLHITVNTMKLPKRKEVICRGSDDDYSFCRALKGETVNTTVSFSFKGIKFSKGRYKCVVEAISGSPEETLFCLEFVILHQPNSN,1,160,9,168,0aF2x2dHeG
7,XP_007999098,PREDICTED: lymphocyte antigen 96 isoform X1 [Chlorocebus sabaeus],ref|XP_007999098.1|,ref|XP_007999098.1| PREDICTED: lymphocyte antigen 96 isoform X1 [Chlorocebus sabaeus],160,1.71438e-108,MLPFLFFSTLFSSIFTEAQKHYWVCNSSDASISYTYCDKMQYPISINVNPCIKLKGSRGLLHIFYIPRRDVKQLYFNLYITVNSMTLPKRKEVICRGSDDDYSFCRALKGETVNTTVPFSFKGIKFSKGKYKCIVEAISGSPEEMLFCLEFVIIHQPNSN,1,160,9,168,u1X0WHKdlF
8,XP_010364303,PREDICTED: lymphocyte antigen 96 [Rhinopithecus roxellana],ref|XP_010364303.1|,ref|XP_010364303.1| PREDICTED: lymphocyte antigen 96 [Rhinopithecus roxellana],160,7.87943e-108,MLPFLFFSTLFSSIFTEAQKHYWVCNSSDASISYTYCDKMQYPISINVNPCIELKGSRGLLHIFYIPRRDLKQLYFNLNITVNSMTLPKRKEVICRGSDDDYSFCRALKGETVNTTVPFSFKGIKFSKGKYKCVVEAISGSPEEILFCLEFVIIHQPNSN,1,160,9,168,FDZ4l1tW0N
9,XP_023039859,lymphocyte antigen 96 isoform X1 [Piliocolobus tephrosceles],ref|XP_023039859.1|,ref|XP_023039859.1| lymphocyte antigen 96 isoform X1 [Piliocolobus tephrosceles],160,1.42502e-107,MLPFLFFSTLFSSIFTEAQKHYWVCNSSDASISYTYCDKIQYPISINVNPCIELKGSRGLLHIFYIPRRDLKQLYFNLYITVNSMTLPKRKEVICRGSDDSYSFCRALKGETVNTTVPFSFKGIKFSKGKYKCVVEAISGSPEEMLFCLKFVIIHQPNSN,1,160,9,168,xjYeGUW0Qq
10,XP_017707122,PREDICTED: lymphocyte antigen 96 isoform X1 [Rhinopithecus bieti],ref|XP_017707122.1|,ref|XP_017707122.1| PREDICTED: lymphocyte antigen 96 isoform X1 [Rhinopithecus bieti],160,4.26922e-107,MLPFLFFSTLFSSIFTEAQKHYWVCNSSDASISYTYCDKMQYPISINVNPCIELKGSRGLLHIFYIPRRDLKQLYFNLNITVNSMTLPKRKEVICQGSDDDYSFCRALKGETVNTTVPFSFKGIKFSKGKYKCVVEAISGSPEEILFCLEFVIIHQPNSN,1,160,9,168,1e85c6SqU0
11,XP_002759156,PREDICTED: lymphocyte antigen 96 isoform X1 [Callithrix jacchus],ref|XP_002759156.1|,ref|XP_002759156.1| PREDICTED: lymphocyte antigen 96 isoform X1 [Callithrix jacchus],160,1.69229e-102,MLPFIIFSTLFSSMFTEAQKQHWICNSSDASISYTYCDKMQYPISINIDPCIKLTGTKGLLHIFYIPRRDLKQLYFNLYITVNSMNLPKRKEVICPGSDDDYSFCRALKGETLNITIPFSFKGIKFSKGRYKCVAEAISGSPEEMLFCLEFVIIHHPNSN,1,160,9,168,30l6z3Vj8W
12,XP_003940741,PREDICTED: lymphocyte antigen 96 [Saimiri boliviensis boliviensis],ref|XP_003940741.1|,ref|XP_003940741.1| PREDICTED: lymphocyte antigen 96 [Saimiri boliviensis boliviensis],160,5.91055e-102,MLPFIFFSTLFSCMFTEAQKQHWICNSSDASISYTYCDKMQYPISINIDPCIKLTGTKGLLHIFYIPRRDLKQLYFNLYITVNSMNLPKRKEVICPGSDDDYSFCRALKGETLNITVPFSFKGIKFSKGRYKCIAEAISGSPEEMLFCLEFVIIHHPNSN,1,160,9,168,pSOlV7FSOV
13,2E56_A,"Chain A, Lymphocyte Antigen 96 [Homo sapiens] >pdb|2E59|A Chain A, Lymphocyte Antigen 96 [Homo sapiens] >pdb|4G8A|C Chain C, Lymphocyte Antigen 96 [Homo sapiens] >pdb|4G8A|D Chain D, Lymphocyte Antigen 96 [Homo sapiens]",pdb|2E56|A,"pdb|2E56|A Chain A, Lymphocyte Antigen 96 [Homo sapiens] >pdb|2E59|A Chain A, Lymphocyte Antigen 96 [Homo sapiens] >pdb|4G8A|C Chain C, Lymphocyte Antigen 96 [Homo sapiens] >pdb|4G8A|D Chain D, Lymphocyte Antigen 96 [Homo sapiens]",144,6.29991e-102,EAQKQYWVCNSSDASISYTYCDKMQYPISINVNPCIELKGSKGLLHIFYIPRRDLKQLYFNLYITVNTMNLPKRKEVICRGSDDDYSFCRALKGETVNTTISFSFKGIKFSKGKYKCVVEAISGSPEEMLFCLEFVILHQPNSN,1,144,25,168,7HUDXXyign
14,XP_012306332,lymphocyte antigen 96 [Aotus nancymaae],ref|XP_012306332.1|,ref|XP_012306332.1| lymphocyte antigen 96 [Aotus nancymaae],160,9.16655e-102,MLPFIFFSTLFSSMFTEAQKQHWICNSSDASISYTYCDKMQYPISINIDPCIKLTGTRGLLHIFYIPRRDLKQLYFNLYITVNSMNLPKRKEVICPGSDDDYSFCRALKGETLNITIPFSFKGIKFSKGRYKCVAEAISGSPEEMLLCLEFAIIHHPNSN,1,160,9,168,aq99Ws4eSR
15,XP_017377398,PREDICTED: lymphocyte antigen 96 isoform X1 [Cebus capucinus imitator],ref|XP_017377398.1|,ref|XP_017377398.1| PREDICTED: lymphocyte antigen 96 isoform X1 [Cebus capucinus imitator],160,4.25813e-101,MLPFIFFSTLFSSMFTEAQKQHWICNSSDASISYTYCDKMQYPILINVDPCIKLTGTKGLLHIFYIPRRDLKQLYFNLYITVNSMNLPKRKEVICPGSDDDYSFCRALKGETLNITVPFSFKGIKFSKGRYKCVAEAISGSPEEVLFCLEFAIIHHPNSN,1,160,9,168,k88FtZuxpJ
16,3FXI_C,"Chain C, Lymphocyte Antigen 96 [Homo sapiens] >pdb|3FXI|D Chain D, Lymphocyte Antigen 96 [Homo sapiens]",pdb|3FXI|C,"pdb|3FXI|C Chain C, Lymphocyte Antigen 96 [Homo sapiens] >pdb|3FXI|D Chain D, Lymphocyte Antigen 96 [Homo sapiens]",142,4.06462e-100,QKQYWVCNSSDASISYTYCDKMQYPISINVNPCIELKGSKGLLHIFYIPRRDLKQLYFNLYITVNTMNLPKRKEVICRGSDDDYSFCRALKGETVNTTISFSFKGIKFSKGKYKCVVEAISGSPEEMLFCLEFVILHQPNSN,1,142,27,168,keomQd2TOR
17,NP_001123904,lymphocyte antigen 96 precursor [Macaca mulatta] >ref|NP_001274662.1| lymphocyte antigen 96 precursor [Macaca fascicularis] >ref|NP_001292826.1| lymphocyte antigen 96 precursor [Macaca nemestrina] >gb|ADF81051.1| MD-2 [Macaca nemestrina] >gb|EHH28581.1| Lymphocyte antigen 96 [Macaca mulatta] >gb|EHH64240.1| Lymphocyte antigen 96 [Macaca fascicularis] >dbj|BAG55280.1| MD2 protein [Macaca fascicularis] >dbj|BAG55281.1| MD2 protein [Macaca mulatta],ref|NP_001123904.1|,ref|NP_001123904.1| lymphocyte antigen 96 precursor [Macaca mulatta] >ref|NP_001274662.1| lymphocyte antigen 96 precursor [Macaca fascicularis] >ref|NP_001292826.1| lymphocyte antigen 96 precursor [Macaca nemestrina] >gb|ADF81051.1| MD-2 [Macaca nemestrina] >gb|EHH28581.1| Lymphocyte antigen 96 [Macaca mulatta] >gb|EHH64240.1| Lymphocyte antigen 96 [Macaca fascicularis] >dbj|BAG55280.1| MD2 protein [Macaca fascicularis] >dbj|BAG55281.1| MD2 protein [Macaca mulatta],160,8.69719e-100,MLPFLFFSTLFSFIFTEAQKHYWVCNSSDASISYTYCDKMQYPISINVNPCIKLKGSRGLLHIFYIPRRDVKQLYFNLYITVNSMTLPKRKEVICRGSDDDYSFCRALKGETVNTTVSFSFKGIKFSKGKYKCVVEAISGSPEEMLFCLEFDIIHQPNSN,1,160,9,168,dEmbeJwY3x
18,XP_003902921,lymphocyte antigen 96 isoform X3 [Papio anubis],ref|XP_003902921.1|,ref|XP_003902921.1| lymphocyte antigen 96 isoform X3 [Papio anubis],160,1.93712e-99,MLPFLFFSTLFSFIFTEAQKHYWVCNSSDASISYTYCDKMQYPISINVNPCIKLKGSRGLLHIFYIPRRDVKQLYFNLYITVNSMTLPKRKEVICRGSDDDYSFCRALKGETVNTTVSFSFRGIKFSKGKYKCVVEAISGSPEEMLFCLEFDIIHQPNSN,1,160,9,168,oqnf4FixLW
19,3ULA_B,"Chain B, Lymphocyte antigen 96 [Homo sapiens] >pdb|3ULA|D Chain D, Lymphocyte antigen 96 [Homo sapiens]",pdb|3ULA|B,"pdb|3ULA|B Chain B, Lymphocyte antigen 96 [Homo sapiens] >pdb|3ULA|D Chain D, Lymphocyte antigen 96 [Homo sapiens]",142,6.04317e-99,SQKQYWVCNSSDASISYTYCDKMQYPISINVNPCIELKGSKGLLHIFYIPRRDLKQLYFNLYITVNTMNLPKRKEVICRGSDDDYSFCRALKGETVNTTISFSFKGIKFSKGKYKCVVEAISGSPEEMLFCLEFVILHQPN,2,142,26,166,meZxQ9sFcy
20,2Z65_C,"Chain C, Lymphocyte antigen 96 [Homo sapiens] >pdb|2Z65|D Chain D, Lymphocyte antigen 96 [Homo sapiens]",pdb|2Z65|C,"pdb|2Z65|C Chain C, Lymphocyte antigen 96 [Homo sapiens] >pdb|2Z65|D Chain D, Lymphocyte antigen 96 [Homo sapiens]",140,8.75401e-99,QKQYWVCNSSDASISYTYCDKMQYPISINVNPCIELKGSKGLLHIFYIPRRDLKQLYFNLYITVNTMNLPKRKEVICRGSDDDYSFCRALKGETVNTTISFSFKGIKFSKGKYKCVVEAISGSPEEMLFCLEFVILHQPN,1,140,27,166,4NuSRdYlcR
21,XP_011837374,PREDICTED: lymphocyte antigen 96 isoform X1 [Mandrillus leucophaeus],ref|XP_011837374.1|,ref|XP_011837374.1| PREDICTED: lymphocyte antigen 96 isoform X1 [Mandrillus leucophaeus],160,7.63954e-98,MLPFLFFSTLFSFIFTEAQKHYWVCNSSDASISYTYCDKMQYPISINVNPCIQLKGSRGLLHIFYIPRRDVKQLYFNLSITVNSMTLPKRKEVICRGSDDDYSFCRALKGETVNTTVSFSFRGIKFSKGKYKCVVEAISGSPEEMLFCLKFDIIHQPNSN,1,160,9,168,4AaTc2ZyrI
22,XP_011914200,PREDICTED: lymphocyte antigen 96 isoform X1 [Cercocebus atys],ref|XP_011914200.1|,ref|XP_011914200.1| PREDICTED: lymphocyte antigen 96 isoform X1 [Cercocebus atys],160,6.07303e-97,MLPFLFFSTLFSFIFTEAQKHYWVCNSSDASISYTYCDKIQYPISINVNPCIQLKGSRGLLHIFYIPRRDVKQLYFNLSITVNSMTLPKRKEVICRGSDDDYSFCRALKGETVNTTVSFSFRGIKFSKGKYKCVVEAFSGSPEEMLFCLEFDIIHQPNSN,1,160,9,168,2Pg9aFf0Vw
23,XP_003800091,lymphocyte antigen 96 isoform X1 [Otolemur garnettii],ref|XP_003800091.1|,ref|XP_003800091.1| lymphocyte antigen 96 isoform X1 [Otolemur garnettii],160,4.53007e-92,MFPFMLFSTLFSSTFTEPGKQYWVCNSSDASISYTYCDHMEYPISINVDPCIRLTGTKGYLHIFYIPRRDIQKLYFNLYISVNSMKLPKRKEVICRGSDDSYSFCRALKGETVNATISFSFKGIRFSKGRYRCIAEAIAGSNEEMLFCLNFTIIHHPN,1,158,9,166,WpOeE3Oeuu
24,XP_011515810,lymphocyte antigen 96 isoform X3 [Homo sapiens],ref|XP_011515810.1|,ref|XP_011515810.1| lymphocyte antigen 96 isoform X3 [Homo sapiens],138,1.74446e-89,MLPFLFFSTLFSSIFTEAQKQYWVCNSSDASISYTYCDKMQYPISINVNPCIELKRSKGLLHIFYIPRRDLKQLYFNLYITVNTMNLPKRKEVICRGSDDDYSFCRALKGETVNTTISFSFKGIKFSK,1,128,9,136,e8BEQoLCIS
25,XP_016868788,lymphocyte antigen 96 isoform X1 [Homo sapiens],ref|XP_016868788.1|,ref|XP_016868788.1| lymphocyte antigen 96 isoform X1 [Homo sapiens],191,1.11462e-87,MLPFLFFSTLFSSIFTEAQKQYWVCNSSDASISYTYCDKMQYPISINVNPCIELKRSKGLLHIFYIPRRDLKQLYFNLYITVNTMNLPKRKEVICRGSDDDYSFCRALKGETVNTTISFSFKGIKFSK,1,128,9,136,5BcDqsx3en
26,XP_012518596,PREDICTED: lymphocyte antigen 96 isoform X1 [Propithecus coquereli],ref|XP_012518596.1|,ref|XP_012518596.1| PREDICTED: lymphocyte antigen 96 isoform X1 [Propithecus coquereli],160,4.94788e-87,MFLFMFFPTLFSSIFTEPGKQNWVCNSSDASISYTYCDHMDYPISINVNPCITLKGTRGLLHIYYIPRRDLNKLYFNLYISINSMELPKRKEVICRGSDDIYSLCRALKGETVNTTISFSFNGIRFSKGKYQGIVEAIAGSTEEMLFCLNFTLIYRPRLN,1,160,9,168,O6iaYRhKNc
27,XP_004462521,lymphocyte antigen 96 [Dasypus novemcinctus],ref|XP_004462521.1|,ref|XP_004462521.1| lymphocyte antigen 96 [Dasypus novemcinctus],160,5.22669e-87,MFPFMLFSTLFLSIFTEPRKQHWICNSSDASIWYNYCDNMNYPISINITPCITLKGSKGHLNLYYIPRRDLKNLYFNLYISVNSLELPKRKEVICRGSDDDYSFCRALKGETVNTSVPFSFKGMRFSKGLYRCVAEAISGKTEEMLFCLNLTILHRPDSN,1,160,9,168,k1uo2r6Yef
28,XP_017521951,PREDICTED: lymphocyte antigen 96 [Manis javanica],ref|XP_017521951.1|,ref|XP_017521951.1| PREDICTED: lymphocyte antigen 96 [Manis javanica],160,1.76502e-86,MFPFMLFSTLFASVFTEPMKQRWICNSSDLSVWYTYCDKMEFPISINVEPCITLKKSKGYLHLFYIPRRDIKKLYFNIYLSANSVDFPVRKEVICRGANDDYSFCRALKGETVNTTVSFSYKGIRFSKGQYRCVTEAIAGNTEEMLFCLNFTILHSPDFN,1,160,9,168,RosVHww9BF
29,XP_006139872,lymphocyte antigen 96 isoform X1 [Tupaia chinensis],ref|XP_006139872.1|,ref|XP_006139872.1| lymphocyte antigen 96 isoform X1 [Tupaia chinensis],160,5.89517e-86,MFSFVLFSTLFSFIFTEPEKQHWVCNSSDVSISYTYCDKMKYPISLNLIPCIELAGTKGFLHLFYIPRRDLKKLYFNLYISVNSMNLPKRKEVICRGFDDDYSFCKAVKGESINTTIPFSFKGIRFPKGQYRCVAEAIVGNTEEMLFCLNFTIIYHPHLN,1,160,9,168,NEBymOhP1q
30,NP_001076256,lymphocyte antigen 96 precursor [Oryctolagus cuniculus] >ref|XP_008253869.1| PREDICTED: lymphocyte antigen 96 isoform X1 [Oryctolagus cuniculus] >gb|AAM50061.1| MD-2 [Oryctolagus cuniculus],ref|NP_001076256.1|,ref|NP_001076256.1| lymphocyte antigen 96 precursor [Oryctolagus cuniculus] >ref|XP_008253869.1| PREDICTED: lymphocyte antigen 96 isoform X1 [Oryctolagus cuniculus] >gb|AAM50061.1| MD-2 [Oryctolagus cuniculus],160,8.93828e-85,MFTFMVFSTLISSIFTEPGKLHWVCKSADATVSYTYCDNMEIPISINVEPCITLKGTQGLLHIFYIPRRDMNQLYLNLYISVNSMDLPKRKEIICKGSDDVYSFCRALKGETVNTTVPFSFKGIRLSKGQYRCVVEAIAGSAEEMIFCLNFTIIHNPRVN,1,160,9,168,4XCYbhgXf3
31,XP_006924098,lymphocyte antigen 96 isoform X1 [Pteropus alecto],ref|XP_006924098.1|,ref|XP_006924098.1| lymphocyte antigen 96 isoform X1 [Pteropus alecto],160,1.21496e-84,MFPFMLFSTLFSPIFTEPAEQHWICNSSDTDIWYTYCDNMKFPISLNLNPCIELKGSRGYLHIFYIPRRDIKKLYFNLYLSFNSMNFPVRKEVICHGSDDEYSFCRALKGETVNTTISFSFKGIRFSKGQYRCIVEAITGYTEEKLFCLNFTIIYHPDFN,1,160,9,168,z0ozkrHqf6
32,XP_027433385,lymphocyte antigen 96 isoform X1 [Zalophus californianus] >ref|XP_027965441.1| lymphocyte antigen 96 isoform X1 [Eumetopias jubatus],ref|XP_027433385.1|,ref|XP_027433385.1| lymphocyte antigen 96 isoform X1 [Zalophus californianus] >ref|XP_027965441.1| lymphocyte antigen 96 isoform X1 [Eumetopias jubatus],160,1.38577e-84,MFPFMLFSTLFSSIFTEPGQQHWICNSSDSSVWYTYCDNMKVPISIDVKPCIALKGSRGYLHIYYIPRRDIKKLYFNLYISFHSMHFPMRKEVICRGSDDLYSFCRALKGETVNTTVSFSFTGLRFSKGQYKCVAEAISGDPEETLFCLNFTIIHHPDFN,1,160,9,168,kwIdl11kot
33,XP_021544122,lymphocyte antigen 96 isoform X1 [Neomonachus schauinslandi],ref|XP_021544122.1|,ref|XP_021544122.1| lymphocyte antigen 96 isoform X1 [Neomonachus schauinslandi],160,2.07896e-84,MFPFMLFSTLFSSIFTEPGEQHWICNSSDSSVWYTYCDDMKVPISIDLNPCITLKGSKGYLYISYIPRRDIKKLYFNLYLSFHSMHFPMRKEVICRGSDDLYSFCRALKGETVNTTVSFSFRGIRFSKGQYRCVAEAISGDPEEMLFCLNFTIIHHPDFN,1,160,9,168,bxOcwzTmge
34,XP_025726527,lymphocyte antigen 96 isoform X1 [Callorhinus ursinus],ref|XP_025726527.1|,ref|XP_025726527.1| lymphocyte antigen 96 isoform X1 [Callorhinus ursinus],160,2.24477e-84,MFPFLLFSTLFSSIFTEPGQQHWICNSSDSSVWYTYCDNMKVPISIDVKPCIALKGSRGYLHIYYIPRRDIKKLYFNLYISFHSMHFPMRKEVVCRGSDDLYSFCRALKGETVNTTVSFSFTGLRFSKGQYRCVAEAISGDPEETLFCLNFTIIHHPDFN,1,160,9,168,5fT1PPqXWL
35,XP_025868477,lymphocyte antigen 96 [Vulpes vulpes],ref|XP_025868477.1|,ref|XP_025868477.1| lymphocyte antigen 96 [Vulpes vulpes],160,5.51516e-84,MFPFMLFSTLFSSIFTEPGEQYWICNSSDASVWYAYCDHMKAPISIDLNPCIAMKGSKGYLHLYYIPRRDIKKLYFNLYISFNSMHLPMRKEVICRGSDDVYSFCRALKGETVNTRIPFSFRGIRFSKGQYRCVAEAISGDTEEMLFCLNFTVIYHPDFN,1,160,9,168,34daIXF3Cv
36,XP_012590812,lymphocyte antigen 96 isoform X1 [Microcebus murinus],ref|XP_012590812.1|,ref|XP_012590812.1| lymphocyte antigen 96 isoform X1 [Microcebus murinus],160,7.1749e-84,MFLFMIFPTLFSSIFTEPGKQNWVCNSSDASIWYTYCDHMEYPISVNVNPCITLKGTRGLLHLYFIPRRDLNKLYFNLYISINSMELPKRKEVICRGSNDIYSFCRALKGETVNTTVSFSFSGIRFSKGKYRGIVEAIAGNTEEMLFCLNFTLIYRPRLN,1,160,9,168,fhIGBTb9eq
37,XP_012883912,PREDICTED: lymphocyte antigen 96 isoform X1 [Dipodomys ordii],ref|XP_012883912.1|,ref|XP_012883912.1| PREDICTED: lymphocyte antigen 96 isoform X1 [Dipodomys ordii],163,7.19454e-84,MLPFVLFSTLFSFIFIESEAQPWACNSSDATLSYTYCDNMKYPISLSTEPCITLKGTKGLIHVFYIPRRDLKKLYLNIYLSVNSMELPKRTEVICRGSDDEYSFCRALKGETVNTSVPFSFKGIQFPKGQYKCVVEAIAGDPEEKLFCLNFTIIHCHNKN,1,160,9,168,7mK1eR6rTN
38,XP_025333813,lymphocyte antigen 96 isoform X1 [Canis lupus dingo] >ref|XP_853138.1| lymphocyte antigen 96 isoform X1 [Canis lupus familiaris],ref|XP_025333813.1|,ref|XP_025333813.1| lymphocyte antigen 96 isoform X1 [Canis lupus dingo] >ref|XP_853138.1| lymphocyte antigen 96 isoform X1 [Canis lupus familiaris],160,7.91886e-84,MFPFMLFSTLFSSIFTEPGEQYWICNSSDASVWYTYCDYMKAPISIDLNPCIAMKGSKGYLHLYYIPRRDIKKLYFNLYISFNSMNLPMRKEVICRGSDDVYSFCRALKGETVDTRIPFSFRGIRFSKGQYNCVAEAISGDTEEKLFCLNFTVIHHPDFN,1,160,9,168,YJbqTDDCdA
39,NP_001182726,lymphocyte antigen 96 isoform 2 precursor [Homo sapiens] >ref|XP_008954890.1| lymphocyte antigen 96 isoform X1 [Pan paniscus] >ref|XP_009453620.1| lymphocyte antigen 96 isoform X1 [Pan troglodytes] >gb|PNI56280.1| LY96 isoform 2 [Pan troglodytes],ref|NP_001182726.1|,ref|NP_001182726.1| lymphocyte antigen 96 isoform 2 precursor [Homo sapiens] >ref|XP_008954890.1| lymphocyte antigen 96 isoform X1 [Pan paniscus] >ref|XP_009453620.1| lymphocyte antigen 96 isoform X1 [Pan troglodytes] >gb|PNI56280.1| LY96 isoform 2 [Pan troglodytes],130,1.33916e-83,MLPFLFFSTLFSSIFTEAQKQYWVCNSSDASISYTYCG------------------------------RDLKQLYFNLYITVNTMNLPKRKEVICRGSDDDYSFCRALKGETVNTTISFSFKGIKFSKGKYKCVVEAISGSPEEMLFCLEFVILHQPNSN,1,130,9,168,PmyGnyFMBg
40,XP_006737136,PREDICTED: lymphocyte antigen 96 isoform X1 [Leptonychotes weddellii],ref|XP_006737136.1|,ref|XP_006737136.1| PREDICTED: lymphocyte antigen 96 isoform X1 [Leptonychotes weddellii],160,2.39601e-83,MFPFMLFSTLFSSIFTEPGEQHWICNSSDSSVWYTYCDDMKVPISIGLNPCITLKGSKGYLHISYIARRDIEKLYFNLYLSFHSMHFPMRKEVICRGSDDLYSFCRALKGETVNTTVSFSFRGIRFSKGQYRCVAEAISGDPEEMLFCLNFTIIHHPD,1,158,9,166,vZZVjZaBKf
41,PNJ54373,LY96 isoform 2 [Pongo abelii],gb|PNJ54373.1|,gb|PNJ54373.1| LY96 isoform 2 [Pongo abelii],130,2.44796e-83,MLPFLFFSTLFSSIFTEAQKQYWVCNSSDASISYTYCG------------------------------RDLKQLYFNLYITVNTMNLPKRKEVICRGSDDDYSFCRALKGETVNTTVSFSFKGIKFSKGKYKCVVEAISGSPEEMLFCLEFVILHQPNSN,1,130,9,168,FBcNUNaovR
42,XP_011365244,lymphocyte antigen 96 [Pteropus vampyrus],ref|XP_011365244.1|,ref|XP_011365244.1| lymphocyte antigen 96 [Pteropus vampyrus],160,3.36563e-83,MFPFMLFSTLFSPICTEPAEQHWICNSSDTDIWYTYCDNMKFPISLNLNPCIELKGSRGYLHIFYIPRRDIKKLYFNLYLSFNSMNFPVRKEVICHGSDDEYSFCRALKGETVNTTISFSFKGIRFSKGQYRCIVEAITGYTEEKLFCLNFTIIYHPDFN,1,160,9,168,1wn3beCvZf
43,XP_018887390,PREDICTED: lymphocyte antigen 96 isoform X1 [Gorilla gorilla gorilla],ref|XP_018887390.1|,ref|XP_018887390.1| PREDICTED: lymphocyte antigen 96 isoform X1 [Gorilla gorilla gorilla],130,6.93892e-83,MLPFLFFSTLFSSTFTEAQKQYWVCNSSDASISYTYCG------------------------------RDLKQLYFNLYITVNTMNLPKRKEVICRGSDDDYSFCRALKGETVNTTISFSFKGIKFSKGKYKCVVEAISGSPEEMLFCLEFVILHQPNSN,1,130,9,168,Wag0c9MY1J
44,XP_017707123,PREDICTED: lymphocyte antigen 96 isoform X2 [Rhinopithecus bieti],ref|XP_017707123.1|,ref|XP_017707123.1| PREDICTED: lymphocyte antigen 96 isoform X2 [Rhinopithecus bieti],135,2.01585e-82,MLPFLFFSTLFSSIFTEAQKHYWVCNSSDASISYTYCDKMQYPISINVNPCIELKGSRGLLHIFYIPRRDLKQLYFNLNITVNSMTLPKRKEVICQGSDDDYSFCRALKGETVNTTVPFSFKGIKFSK,1,128,9,136,euD3J4XCTf
45,XP_008577095,PREDICTED: lymphocyte antigen 96 [Galeopterus variegatus],ref|XP_008577095.1|,ref|XP_008577095.1| PREDICTED: lymphocyte antigen 96 [Galeopterus variegatus],160,5.21392e-82,MFPFMLFSTLFSFIFTEPGKQYWICNSSESSVSYTYCDKTEYPISINLEPCITLTGTRGFLHIFFIPRTDIKKLYFNLYISVNSVDFPKRKEVICRGSDDVYSFCGNLKGETVNTTISFSFGGMLFSKGRYRCVAEAIAGNAEEMLFCLNFTVIHNPRIN,1,160,9,168,Gf36ER80Cl
46,XP_020028110,lymphocyte antigen 96 [Castor canadensis],ref|XP_020028110.1|,ref|XP_020028110.1| lymphocyte antigen 96 [Castor canadensis],157,5.67787e-82,MLPLMLFSTLFSSIFAEPEELHWSCNSSDATFSYTYCDDMKFPISVHTEPCIELKGTNGFLHISYIPRRDLKKLYFNLYITVNSMELPKRKQVICRGYDDEYSFCRALKGETVNTTVSFSFKGIRFPKGRYRCITEAIVGDNEEKLFCLNFTVIHRP,1,157,9,165,wMnV3ncRZt
47,XP_003408398,lymphocyte antigen 96 isoform X1 [Loxodonta africana],ref|XP_003408398.1|,ref|XP_003408398.1| lymphocyte antigen 96 isoform X1 [Loxodonta africana],155,1.22105e-81,MFPFVLFSTLFSSIFPEPGEQRWVCNSSDLSVWYTYCDNLKYPILLNLTPCITLKASKGHLHVYYVPRRDIKKLYFNLYISFNSISLPKRKEVVCRGSEDDYSFCRALKGETVTATIPFSFKGIKFSKGQYRCVAEAMTGSPEEMLFCLNFTLIH,1,155,9,163,7UHi6cKXwP
48,XP_012409905,lymphocyte antigen 96 [Trichechus manatus latirostris],ref|XP_012409905.1|,ref|XP_012409905.1| lymphocyte antigen 96 [Trichechus manatus latirostris],155,1.34765e-81,MFQFVLFSTLFPSVFTELGEPRWVCNSSDISIWYTYCDNMKYPISLNLTPCITLKGSRGLLHIYYIPRRDVEKLYFNLYLSVNSINLPKRKEVICRGSDDSYSFCRALKGETVNTTIPFSFRGIKFSKGLYRCVAEAISGKTEEMLFCLNFTMIH,1,155,9,163,DhKYpN6Owh
49,XP_026253100,lymphocyte antigen 96 [Urocitellus parryii],ref|XP_026253100.1|,ref|XP_026253100.1| lymphocyte antigen 96 [Urocitellus parryii],160,2.44536e-81,MLSFMLFSTMFSSILTEPEEQHWTCSSSDATIAYTYCDDIKFPILVRPEPCISLKGTEGFLHIFYIPRRDLKQLYFNLYISVNSMNLPKRKEVICRGANDEYSFCRALKGETVNTTIPFSFRGILFLKGRYRCVAEAIAGHTEEKLFCLNFTITHHPRLN,1,160,9,168,Fc4NCHPOSV
50,XP_004762397,PREDICTED: lymphocyte antigen 96 isoform X1 [Mustela putorius furo],ref|XP_004762397.1|,ref|XP_004762397.1| PREDICTED: lymphocyte antigen 96 isoform X1 [Mustela putorius furo],160,4.61766e-81,MFSFMLFSTLFSSIFAEPGEQRWVCNSSDISVWYTYCDDMKAPISIEVKPCITLKGSKGYLHLSYIPRRDIKKLYFNIYLSFNSMDFPMRKEVVCRGSDDLYSFCRALKGETVNTAVSFSFRGLRFSKGRYRCVAEAISGDPEEMLFCLNFTIIHHPDFN,1,160,9,168,rHIWE14s99
51,XP_004403951,PREDICTED: lymphocyte antigen 96 [Odobenus rosmarus divergens],ref|XP_004403951.1|,ref|XP_004403951.1| PREDICTED: lymphocyte antigen 96 [Odobenus rosmarus divergens],160,7.64502e-81,MFPFMLFSTLFSSIFTEPGEPHWICNSSDSSVWYTYCDNMKVPISIDVKPCIALKGSNGYLHIYYIPRRDIKKLYFNLYISFHSMHFPMRKEVVCQGSDDLYSFCSALKGETVNTTVYFSFKGLRFSKGQYKCVAEAVSGDPEETLFCLNFTIIHHPDFN,1,160,9,168,VynlNdI9oz
52,XP_024434115,lymphocyte antigen 96 [Desmodus rotundus],ref|XP_024434115.1|,ref|XP_024434115.1| lymphocyte antigen 96 [Desmodus rotundus],160,1.4756e-80,MFPLMLFSTLFSSTFTEPGEQYWICNSSDSSVWYSYCDNMEYPISLIPEPCIILKGTSGHLHIFFIPRRDIKKLYFNLYLSFNTLEFPMRKEVICRGSDDEYSFCRALKGETVNTSVPFSFKGILFSKGRYRCVVEAIAGNTEEMLFCLNFTIIHHPDIN,1,160,9,168,1I3bu7ZUDl
53,XP_002930732,"PREDICTED: lymphocyte antigen 96 [Ailuropoda melanoleuca] >gb|EFB18394.1| hypothetical protein PANDA_021279, partial [Ailuropoda melanoleuca]",ref|XP_002930732.1|,"ref|XP_002930732.1| PREDICTED: lymphocyte antigen 96 [Ailuropoda melanoleuca] >gb|EFB18394.1| hypothetical protein PANDA_021279, partial [Ailuropoda melanoleuca]",160,2.39001e-80,MFTFMLFSTLFSSIFTEPGEQHWICNSSDSSVWYSYCDNMKVPISIDPKPCITLKGSRGYLHLSYIPRRDIKKLYFKLYLSFNSMHFPMRKEVICRGSDDVYSFCRALKGETVNTAVSFSYKGIRFSKGQYRCVAEAVSGDPEEMLFCLNFTIIHHPDFN,1,160,9,168,wJaCqDYfAX
54,XP_006767399,PREDICTED: lymphocyte antigen 96 [Myotis davidii] >gb|ELK27502.1| Lymphocyte antigen 96 [Myotis davidii],ref|XP_006767399.1|,ref|XP_006767399.1| PREDICTED: lymphocyte antigen 96 [Myotis davidii] >gb|ELK27502.1| Lymphocyte antigen 96 [Myotis davidii],159,8.89712e-80,MFPLMLFSTLFSSTLPEPG-EHWICNSSDVSLWYSYCDNMKYPISIRSEPCVELKGSKGYLHIFYIPRRDIKNLYFNLYLSFKTVNFPMRKEVICRGSDDDYSFCRALKGETVNTTVSFSYRGILFSKGKYRCVVEAIAGNTEEMLFCLNFTIIHHPTFN,1,159,9,168,9busfgVUUi
55,XP_029779690,lymphocyte antigen 96 [Suricata suricatta],ref|XP_029779690.1|,ref|XP_029779690.1| lymphocyte antigen 96 [Suricata suricatta],177,1.03912e-79,MFPFILFSTLFSFIFTEPGEQQWICNSSDSSVWYSHCDNMKVPISIDIKPCLTMKGSQGNLHLSFVPRRDIRKLYFNLYLSINLMNLPMRKEVICRGSDDVYSFCRALKGETVNTAVSFSFRGIRFSKGEYRCVAEAIAGNTEEMLFCLNFTILHDPNFN,18,177,9,168,ye4M0wmZkO
56,XP_015341363,PREDICTED: lymphocyte antigen 96 [Marmota marmota marmota],ref|XP_015341363.1|,ref|XP_015341363.1| PREDICTED: lymphocyte antigen 96 [Marmota marmota marmota],178,1.14758e-79,MLSFMLFSTMFSSILTEPEEQHWTCSSSDATIAYTYCDDIKFPILVRPEPCISLKGTEGFLHIFYIPRRDLKQLYFNLYISVNSMNLPKRKEVICRGANDEYSFCRALKGETVNTTIPFSFRGILFLKGRYRCVAEAIAGHTEEKLFCLNFTITYHPRLN,19,178,9,168,UVxjLx0lbm
57,XP_011792573,PREDICTED: lymphocyte antigen 96 isoform X2 [Colobus angolensis palliatus],ref|XP_011792573.1|,ref|XP_011792573.1| PREDICTED: lymphocyte antigen 96 isoform X2 [Colobus angolensis palliatus],130,1.20188e-79,MLPFLFFSTLFSSIFTEAQKHYWVCNSSDASISYTYCG------------------------------RDLKQLYFNLYITVNSMTLPKRKEVICRGSDDDYSFCRALKGETVNTTVPFSFRGIKFSKGKYKCVVEAISGSPEEMLFCLEFVIIHQPNSN,1,130,9,168,TpvHUw3cYZ
58,XP_008709033,PREDICTED: lymphocyte antigen 96 [Ursus maritimus] >ref|XP_026351654.1| lymphocyte antigen 96 [Ursus arctos horribilis],ref|XP_008709033.1|,ref|XP_008709033.1| PREDICTED: lymphocyte antigen 96 [Ursus maritimus] >ref|XP_026351654.1| lymphocyte antigen 96 [Ursus arctos horribilis],160,1.49024e-79,MFTFMLFSTLFSSIFTAPGEQHWICNSSDSSVWYSYCDNMKVPISIDPKPCITLKGSRGYLHLSYVPRRDIKKLYFKLYLSFNSMHFPMRKEVICRGSDDVYSFCRALKGETVNTAVSFSYKGIRFSKGRYRCVAEAVSGDPEEMLFCLNFTIIHHPDFN,1,160,9,168,R0kFPcjze8
59,XP_027803130,lymphocyte antigen 96 isoform X1 [Marmota flaviventris],ref|XP_027803130.1|,ref|XP_027803130.1| lymphocyte antigen 96 isoform X1 [Marmota flaviventris],160,1.50667e-79,MFSFMLFSTMFSSILTEPEEQHWTCSSSDATIAYTYCDDIKFPILVRPEPCISLKGTEGFLHIFYIPRRDLKQLYFNLYISVNSMNLPKRKEVICRGANDEYSFCRALKGETVNTTIPFSFRGILFLKGRYRCVAEAIAGHTEEKLFCLNFTITYHPRLN,1,160,9,168,HlkOg41VCg
60,XP_022373640,lymphocyte antigen 96 isoform X1 [Enhydra lutris kenyoni],ref|XP_022373640.1|,ref|XP_022373640.1| lymphocyte antigen 96 isoform X1 [Enhydra lutris kenyoni],160,2.09316e-79,MFSFMVFSTLFSSIFAEPGEQRWVCNSSDLSVWYTYCDDMKVPISIEPKPCITLKGSKGYLHLSYIPRRDIKKLYFNIYLSFNSMDFPMRKEVVCRGSDDLYSFCRALKGETVNTAVSFSFRGLRFSKGRYKCVAEAISGDPEEVLFCLNFTIIHHPDFN,1,160,9,168,e5D7TvdHjH
61,XP_014920213,lymphocyte antigen 96 [Acinonyx jubatus] >ref|XP_025778530.1| lymphocyte antigen 96 isoform X1 [Puma concolor] >ref|XP_030160413.1| lymphocyte antigen 96 isoform X1 [Lynx canadensis] >emb|VFV34204.1| lymphocyte antigen 96 [Lynx pardinus],ref|XP_014920213.1|,ref|XP_014920213.1| lymphocyte antigen 96 [Acinonyx jubatus] >ref|XP_025778530.1| lymphocyte antigen 96 isoform X1 [Puma concolor] >ref|XP_030160413.1| lymphocyte antigen 96 isoform X1 [Lynx canadensis] >emb|VFV34204.1| lymphocyte antigen 96 [Lynx pardinus],160,3.28049e-79,MFPFILFSTLFSSTFTEPGELQWICNSSDSSVWYSHCDNMKVPISIAIQPCMSMKGSRGYLHLSFIPRRDIKKLYFNLYLSINSMDLPVRKEVICRGSDDVYSFCRALKGETVNTTVGFSFRGIRFSKGRYRCVAEAITGNTEEMLFCLNFTVIHDPNFN,1,160,9,168,HSEvCZlKON
62,XP_008847121,lymphocyte antigen 96 isoform X3 [Nannospalax galili],ref|XP_008847121.1|,ref|XP_008847121.1| lymphocyte antigen 96 isoform X3 [Nannospalax galili],158,5.60484e-79,MLPFILFSTLFSPIFTESEEQLWVCNSSDTTISYTYCDNIKFPISISAEPCITLKGTNGILHIVFIPRRDIKKLYFNLFINLNSMVLPKRKEVICRGYDDDYSFCSALKGETVNTTVPFSFRGILFSKGQYTCVAEAIVGDIEEKLFCLNFTIIHHNN,1,158,9,166,3YdncopFVY
63,XP_007999099,PREDICTED: lymphocyte antigen 96 isoform X2 [Chlorocebus sabaeus],ref|XP_007999099.1|,ref|XP_007999099.1| PREDICTED: lymphocyte antigen 96 isoform X2 [Chlorocebus sabaeus],133,5.64709e-79,KMQYPISINVNPCIKLKGSRGLLHIFYIPRRDVKQLYFNLYITVNSMTLPKRKEVICRGSDDDYSFCRALKGETVNTTVPFSFKGIKFSKGKYKCIVEAISGSPEEMLFCLEFVIIHQPNSN,12,133,47,168,OmWV9SZP2w
64,XP_006086408,lymphocyte antigen 96 isoform X1 [Myotis lucifugus],ref|XP_006086408.1|,ref|XP_006086408.1| lymphocyte antigen 96 isoform X1 [Myotis lucifugus],159,8.05221e-79,MFPLMLFSTLFSSTLPEPG-EHWICNSSDVSLWYSYCDNMKYPISIRSEPCVELKGSKGYLHIFFIPRRDIKNLYFNLYLSFNTVDFPMRKEVICRGSDDDYSFCRALKGETVNTTVRFSYRGILFSKGKYRCVVEAITGNTEEMLFCLNFTIIHHPTFN,1,159,9,168,5UPlPIjI0d
65,XP_003999946,lymphocyte antigen 96 [Felis catus],ref|XP_003999946.1|,ref|XP_003999946.1| lymphocyte antigen 96 [Felis catus],160,8.7e-79,MFPFILFSTLFSSTFTEPGELQWICNSSDSSVWYSHCDNMKVPISIAIKPCMSMKGSRGYLHLSFIPRRDIKKLYFNLYLSINSMDLPVRKEVICRGSDDFYSFCRALKGETVNTTVGFSFRGIRFSKGQYRCVAEAITGNTEEMLFCLNFTVIHDPNFN,1,160,9,168,Kfn9Iob3XV
66,XP_016009179,PREDICTED: lymphocyte antigen 96 [Rousettus aegyptiacus],ref|XP_016009179.1|,ref|XP_016009179.1| PREDICTED: lymphocyte antigen 96 [Rousettus aegyptiacus],160,1.02544e-78,MFPFMLFSTLFSSVFTQPAEQHWVCNSSDTDIWYTYCDDMKFPISLNVNPCITLKGTRGNLHVSYIPRRDIKKLYFNLYVSFNSMNFPLRTEVVCHGSDDVYSFCRALKGETVNATIPFSFRGLRFTKGRYRCIAEAFSGHTEEKLFCLNFTIIHHPD,1,158,9,166,RyKvYgCHYQ
67,XP_006880603,PREDICTED: lymphocyte antigen 96 [Elephantulus edwardii],ref|XP_006880603.1|,ref|XP_006880603.1| PREDICTED: lymphocyte antigen 96 [Elephantulus edwardii],158,1.64055e-78,MFSFMLFPTLFPTVFPEPKQQHWICNSSDLSVWYTYCDNMKYPISIIPTPCVSLKGSKGQLHLSYIPRRDMKKLYFNLYVSINSLDFPKRKEVICRGSDDDYSFCRALKGETINTTISFSYKGLKFSKGQYRVVAEAITGSAEEMLFCLNFTLIH,1,155,9,163,9mRoSgi3Vt
68,XP_006202465,PREDICTED: lymphocyte antigen 96 [Vicugna pacos],ref|XP_006202465.1|,ref|XP_006202465.1| PREDICTED: lymphocyte antigen 96 [Vicugna pacos],160,1.75432e-78,MFPLMLFSTLFSSIFTEPGEKHWICNSSDASIWYNYCDDKKFPISISTKPCITLKGSNGYLYLYFIPRRDIKKLYFNLYISVKSISLPERKEVICRGSDDNYSFCRALKGETVNTTIGFSFKGLRFSKGQYNCVAEAISGDTEERLLCLNFTIIHHPDSS,1,160,9,168,hZHwlT7aqt
69,XP_006185920,PREDICTED: lymphocyte antigen 96 [Camelus ferus] >ref|XP_010949774.1| PREDICTED: lymphocyte antigen 96 [Camelus bactrianus] >ref|XP_010977720.1| PREDICTED: lymphocyte antigen 96 [Camelus dromedarius],ref|XP_006185920.1|,ref|XP_006185920.1| PREDICTED: lymphocyte antigen 96 [Camelus ferus] >ref|XP_010949774.1| PREDICTED: lymphocyte antigen 96 [Camelus bactrianus] >ref|XP_010977720.1| PREDICTED: lymphocyte antigen 96 [Camelus dromedarius],160,2.1604e-78,MFPLMLFSTLFSSIFTEPGEKHWICNSSDASIWYNYCDDKKFPISISTKPCITLKGSNGYLYLYFIPRRDIKKLYFNLYISVKSIRLPERKEVICRGSDDNYSFCRALKGETVNTTIGFSFKGLRFSKGQYNCVAEAISGDTEERLLCLNFTIIHHPDSS,1,160,9,168,ByYLcYwKmP
70,XP_014709236,PREDICTED: lymphocyte antigen 96 isoform X1 [Equus asinus],ref|XP_014709236.1|,ref|XP_014709236.1| PREDICTED: lymphocyte antigen 96 isoform X1 [Equus asinus],173,3.09326e-78,MFSFMLFFTLFSSIFPEPEELRWICNSSDMSIWYTYCDNMKSPISINLEPCIELKGTSGHLHILFVPRRDIKKLYFNLYLTMNSLEFPMRKEVICRGSDDDYSFCRALKGETVNTTVSFSFRGMRFPKGRYRCIAEAVVGNTEEALFCLNFTLLHQPSFN,14,173,9,168,5DIpbLjchH
71,XP_005866445,PREDICTED: lymphocyte antigen 96 [Myotis brandtii] >gb|EPQ07885.1| Lymphocyte antigen 96 [Myotis brandtii],ref|XP_005866445.1|,ref|XP_005866445.1| PREDICTED: lymphocyte antigen 96 [Myotis brandtii] >gb|EPQ07885.1| Lymphocyte antigen 96 [Myotis brandtii],159,3.65339e-78,MFPLMLFSTLFSSTLPEPG-EHWICNSSDVSLWYSYCDNMKYPISLRSEPCVELKGSKGYLHIFYIPRRDMKNLYFNLYLSFNTVNFPMRKEVICRGSDDDYSFCRALKGETVNTTVPFSYRGILFSKGKYRWVVEAITGKTEEMLFCLNFTIIHHPTFN,1,159,9,168,HKG9pxAjmw
72,XP_007185126,lymphocyte antigen 96 [Balaenoptera acutorostrata scammoni],ref|XP_007185126.1|,ref|XP_007185126.1| lymphocyte antigen 96 [Balaenoptera acutorostrata scammoni],160,3.94716e-78,MFPFMLFSTLFSSTFTEPGEKLWICNSSDTSVWYSYCDNLKFPISVNSEPCITLKGGRGNLYLYYIPRRDLKSLYFNIYVSFKSVNFPVRKEVICRGSDDDYSFCRALKGETVNTTISFSFKGIRFSKGRYNCITEAIAGNTEERLFCLNFTVIHHPD,1,158,9,166,KITIUBwUXp
73,XP_028374462,lymphocyte antigen 96 isoform X1 [Phyllostomus discolor],ref|XP_028374462.1|,ref|XP_028374462.1| lymphocyte antigen 96 isoform X1 [Phyllostomus discolor],160,5.42371e-78,MFPLMLFSTLFSSTFTEPREQHWICNSSDASVWYSYCDNMEYPISLMPEPCITLKGSNGYLHISFIPRRDIKKLYFNLYLSFNTLEFPTRTEVICRGSDDEYSFCRALKGETVNTSVPFSFKGILFSKGRYRFVVEAIAGNTEEMLFCLNFTIIHYPDIN,1,160,9,168,AOd1U0rkKN
74,XP_004842102,lymphocyte antigen 96 [Heterocephalus glaber] >gb|EHB04643.1| Lymphocyte antigen 96 [Heterocephalus glaber],ref|XP_004842102.1|,ref|XP_004842102.1| lymphocyte antigen 96 [Heterocephalus glaber] >gb|EHB04643.1| Lymphocyte antigen 96 [Heterocephalus glaber],160,7.95905e-78,MLPFMLFSTLFSPIFTEPEEPLWICSSSDANISYTYCDNKKFPISINIIPCLTLKGSSGSLHIFFIPRRDLKKLYFNLHISFHSMKLPMRKEVICRGYDDEYSFCRALKGESVNATIAFSFKGIRFAKGRYNCVAEAITGDIEERLFCLNFTIEHLPHLN,1,160,9,168,Lx5x6gMW2r
75,NP_001075367,lymphocyte antigen 96 precursor [Equus caballus] >gb|AAQ95744.1| LPS co-receptor MD-2 [Equus caballus],ref|NP_001075367.1|,ref|NP_001075367.1| lymphocyte antigen 96 precursor [Equus caballus] >gb|AAQ95744.1| LPS co-receptor MD-2 [Equus caballus],160,8.04675e-78,MFSFMLFFTLFSSIFPEPEELRWICNSSDMSIWYTYCDNMKSPISINLEPCIELKGTRGHLHMLFVPRRDIKKLYFNLYLTMNSLEFPMRKEVICRGSDDDYSFCRALKGETVNTTVSFSFRGMRFPKGRYSCIAEAVVGNTEEALFCLNFTLLHQPSFN,1,160,9,168,Mjh9vhpdB3
76,XP_004679848,PREDICTED: lymphocyte antigen 96 [Condylura cristata],ref|XP_004679848.1|,ref|XP_004679848.1| PREDICTED: lymphocyte antigen 96 [Condylura cristata],160,9.80125e-78,MFPLMLFSTLFSSIFTEPGEKHWICNSSDASIWYSYCDNMKYPISINIHPCLTLKGHRGYLHIFYIARGDLKNLYFNLKLSFNSMNFLERTQVICKGADGDYSFCRALKGETVNTTISYSFKRLLFSKGQYRLIVEAITGSTGEMLFCLNFIIIHHPNSN,1,160,9,168,lxJiokF4ke
77,XP_008148549,lymphocyte antigen 96 [Eptesicus fuscus],ref|XP_008148549.1|,ref|XP_008148549.1| lymphocyte antigen 96 [Eptesicus fuscus],160,9.90924e-78,MFPLMLFSTLFSSTLPESGEQHWICNSSDVSLWYTYCDNVKYPISVRSEPCVELKGSKGYLHISYIPRRDMKNLYFNLYLSFKTMTFPMRKEVICRGSDDDYSFCRALKGETVNTSVPFSFKGILFSKGKYRWIVEAITGNTEEMLFCLNFTIIHHSAFN,1,160,9,168,DYAneOj3vG
78,XP_007954948,PREDICTED: lymphocyte antigen 96 [Orycteropus afer afer],ref|XP_007954948.1|,ref|XP_007954948.1| PREDICTED: lymphocyte antigen 96 [Orycteropus afer afer],155,1.58263e-77,MFPFLLFSTLFPFIFTELGEQHWICNSSDLSVWYTYCDNMKYPISLNLIPCITLKGSRGHLQISYIPRRDIKKLYFNLYVSTKSLDFPKRKEVVCRGSDDDYSFCRALKGETVNTTVSFSFKEIKFSKGRYKIIAEAIAGSTEEMIFCLNATVIH,1,155,9,163,5kPeOnAivT
79,NP_001277764,lymphocyte antigen 96 precursor [Bubalus bubalis] >gb|AEN70399.1| MD-2 [Rucervus eldii] >gb|AEP33843.1| MD-2 [Bubalus bubalis],ref|NP_001277764.1|,ref|NP_001277764.1| lymphocyte antigen 96 precursor [Bubalus bubalis] >gb|AEN70399.1| MD-2 [Rucervus eldii] >gb|AEP33843.1| MD-2 [Bubalus bubalis],160,1.73278e-77,MFPFLLFSTLFSSIFTEPRENRWVCNSSDATVWYDYCDNLKFPISIRSEPCITLKGSRGILYLYYIPRRDIKSLYFNIYLSTKSMNFPLRKEVICRGYDDDFSFCRALKGETVNTTIQFSFRGIRFSKGQYNCITEAIEGNTEEKLFCLNFTIIHYPDFN,1,160,9,168,ktA4kX71HZ
80,XP_025250258,lymphocyte antigen 96 isoform X2 [Theropithecus gelada],ref|XP_025250258.1|,ref|XP_025250258.1| lymphocyte antigen 96 isoform X2 [Theropithecus gelada],130,4.0148e-77,MLPFLFLSTLFSFIFTEAQKHYWVCNSSDASISYTYCG------------------------------RDVKQLYFNLYITVNSMTLPKRKEVICRGSDDDYSFCRALKGETVNTTVSFSFRGIKFSKGKYKCVVEAISGSPEEMLFCLEFDIIHQPNSN,1,130,9,168,PKAshSyHWl
81,XP_004637614,lymphocyte antigen 96 isoform X1 [Octodon degus],ref|XP_004637614.1|,ref|XP_004637614.1| lymphocyte antigen 96 isoform X1 [Octodon degus],160,5.41573e-77,MLPLMLFSTLFSPIFTEPKDHHWICNSSDASISYTYCDDMKFPISVNVTPCLTFKGSSGTLNISFIPRRDLRKLYFNLYVSFKSMNLPERKEVICRGYDDVYSFCRALKGETVNAKVPFSYRGILFSKGRYSCVAEAITGDAEERLFCLNFTIMHLPHIN,1,160,9,168,q33fxU9P1u
82,XP_007080415,PREDICTED: lymphocyte antigen 96 isoform X2 [Panthera tigris altaica] >ref|XP_007080416.1| PREDICTED: lymphocyte antigen 96 isoform X1 [Panthera tigris altaica],ref|XP_007080415.1|,ref|XP_007080415.1| PREDICTED: lymphocyte antigen 96 isoform X2 [Panthera tigris altaica] >ref|XP_007080416.1| PREDICTED: lymphocyte antigen 96 isoform X1 [Panthera tigris altaica],160,8.03469e-77,MFPFILFSTLFSSTFTEPGELQWICNSSDSSVWYSHCDNMKVPISIAIKPCMSMKGSGGYVHLSFIPRRDIKKLYFNLYLSINSMDLPVRKEVICRGSDDVYSFCRALKGETVNTTVHFSFRGIRFSKGQYRCVAEAITGNTEEMLFCLNFTVIYDPNFN,1,160,9,168,S4AcjwXoJI
83,NP_001039982,lymphocyte antigen 96 precursor [Bos taurus] >ref|XP_005907571.1| PREDICTED: lymphocyte antigen 96 [Bos mutus] >ref|XP_010845241.1| PREDICTED: lymphocyte antigen 96 [Bison bison bison] >gb|ABC47879.1| MD-2 protein [Bos taurus] >gb|ELR47773.1| Lymphocyte antigen 96 [Bos mutus] >tpg|DAA22676.1| TPA: lymphocyte antigen 96 [Bos taurus],ref|NP_001039982.1|,ref|NP_001039982.1| lymphocyte antigen 96 precursor [Bos taurus] >ref|XP_005907571.1| PREDICTED: lymphocyte antigen 96 [Bos mutus] >ref|XP_010845241.1| PREDICTED: lymphocyte antigen 96 [Bison bison bison] >gb|ABC47879.1| MD-2 protein [Bos taurus] >gb|ELR47773.1| Lymphocyte antigen 96 [Bos mutus] >tpg|DAA22676.1| TPA: lymphocyte antigen 96 [Bos taurus],160,1.60236e-76,MFPFVLFSTLFSSIFTEPRENRWVCNSSDATVWYDYCDNLKFPVSIRSEPCITLKGSRGILYLYYIPRRDIRSLYFNIYLSTKSMNFPLRKEVICRGYDDDFSFCRALKGETVNTTIQFSFRGIRFSKGQYNCITEAIEGNTEEKLFCLNFTIIHYPDFN,1,160,9,168,CW8ZlOPIVn
84,XP_019308846,PREDICTED: lymphocyte antigen 96 [Panthera pardus],ref|XP_019308846.1|,ref|XP_019308846.1| PREDICTED: lymphocyte antigen 96 [Panthera pardus],160,4.43912e-76,MFPFILFSTLFSSTFTEPGELQWICNSSDSSVWYSHCDNMKVPISIAIKPCMSMKGSGGYVHLSFIPRRDIKKLYFNLYLSINSMDLPVRKEVICQGSDDVYSFCRALKGETVNTTVHFSFRGIRFSKGQYRCVAEAITGNTEEMLFCLNFTVIYDPNFN,1,160,9,168,v0UVEbkuCs
85,XP_016071489,PREDICTED: lymphocyte antigen 96 isoform X1 [Miniopterus natalensis],ref|XP_016071489.1|,ref|XP_016071489.1| PREDICTED: lymphocyte antigen 96 isoform X1 [Miniopterus natalensis],160,6.95648e-76,MFPLMLFSMLFSSTCTEPREPHWICNSSDLTFWYTYCDHMEYPILIKTEPCIQLMGSKGYLHIFYIPRRDIKKLYFNLYLSYNSLNFPVRQEVVCRGSDDEFSFCRALKGETVNTTVSFSFRGIRFSKGRYQCVVEAITGNTGEMLFCLNFTIIHYSGFN,1,160,9,168,KrFSfsn3F0
86,XP_021078048,lymphocyte antigen 96 isoform X1 [Mus pahari],ref|XP_021078048.1|,ref|XP_021078048.1| lymphocyte antigen 96 isoform X1 [Mus pahari],160,7.42916e-76,MLPFILFSTLLSPIFTESEKQQWICNSSDAIISYSYCDHLKFPISISSEPCIRLRGTNGFVHVEFIPRRNLKNLYFNLFINVNSIELPKRKEVMCHGHDDDYSFCRALKGETVNTSVPFSFEGILFPKGHYRCVAEAIAGDTEEKLFCLNFTIIHHRNVN,1,160,9,168,qbq39Sgw4j
87,XP_005689130,PREDICTED: lymphocyte antigen 96 [Capra hircus],ref|XP_005689130.1|,ref|XP_005689130.1| PREDICTED: lymphocyte antigen 96 [Capra hircus],160,7.8475e-76,MFPFVLFSALFSSIFTEPREKRWVCNSSDAAVWYDYCDNLKFPISIRSEPCITLKGSRGTLYLYYIPRRDIRSLYFNIYLSTKHMNFPLRKEVICRGYDDDFSFCRALKGETVNTTIQFSFKGIRFSKGQYNCITEAIEGNTEEKLFCLNFTIIHYPDFN,1,160,9,168,NnSRMf1jZY
88,XP_027417009,lymphocyte antigen 96 [Bos indicus x Bos taurus] >dbj|BAC67682.1| MD-2 [Bos taurus],ref|XP_027417009.1|,ref|XP_027417009.1| lymphocyte antigen 96 [Bos indicus x Bos taurus] >dbj|BAC67682.1| MD-2 [Bos taurus],160,8.66076e-76,MFPFVLFSTLFSSIFTEPRENRWVCNSSDATVWYDYCDNLKFPVSIRSEPCITLKGSRGILYLYYIPRRDIRSLYFNIYLSTKSMNFPLRKEFICRGYDDDFSFCRALKGETVNTTIQFSFRGIRFSKGQYNCITEAIEGNTEEKLFCLNFTIIHYPDFN,1,160,9,168,ycHGpc4TJ7
89,XP_020757646,lymphocyte antigen 96 isoform X2 [Odocoileus virginianus texanus],ref|XP_020757646.1|,ref|XP_020757646.1| lymphocyte antigen 96 isoform X2 [Odocoileus virginianus texanus],160,1.04339e-75,MFPFVLFSVLFSSIFTEPEEKRWVCNSSDATVWYDYCDNLKFPISIRSEPCITLKGSRGILYLYFIPRRDIKSLYFNIYLSTKSMNFPLRKEVICRGYDDDFSFCRALKGETVNTTIQFSFKGIRFSKGQYNCITEAIEGNTDEKLFCLNFTVIHYPDFN,1,160,9,168,glVzvhgBZJ
90,XP_029078284,lymphocyte antigen 96 [Monodon monoceros],ref|XP_029078284.1|,ref|XP_029078284.1| lymphocyte antigen 96 [Monodon monoceros],160,1.12656e-75,MFPFMLLSALFSSTFTEPGEKHWICNSSDTSVWYSYCDNLKFPISINAEPCITLKGGRGNLYLYYIPRRDIKSLYFNIYVSFKSVNFPVRKEVICRGSDDDYSFCRALKGETVNTTISFSFKGIRFSEGRYKCITEAIAGNTEERLLCLNFTVIYHPD,1,158,9,166,saTyTwOjYt
91,XP_021026766,lymphocyte antigen 96 isoform X1 [Mus caroli],ref|XP_021026766.1|,ref|XP_021026766.1| lymphocyte antigen 96 isoform X1 [Mus caroli],160,1.40255e-75,MLPFIFFSTLLSPIFTESEKQQWICNSSDAIISYSYCDHMKFPISISSEPCIRLRGTNGFVHVEFIPRGNLKYLYFNLFISVNSIELPKRKEVLCHGHDDDYSFCRALKGETVNTSIPFSFEGILFPKGHYRCVAEAIAGDTEEKLFCLNFTIIHRRDVN,1,160,9,168,vECiTBLzCA
92,XP_011742773,lymphocyte antigen 96 isoform X1 [Macaca nemestrina],ref|XP_011742773.1|,ref|XP_011742773.1| lymphocyte antigen 96 isoform X1 [Macaca nemestrina],130,2.01122e-75,MLPFLFFSTLFSFIFTEAQKHYWVCNSSDASISYTYCDKMQYPISINVNPCIKLKGSRGLLHIFYIPRRDVKQLYFNLYITVNSMTLPKRKEVICRGSDDDYSFCRALKGETVNTTVSFSFKGIKFSK,1,128,9,136,P7gNStoX5u
93,XP_015310279,PREDICTED: lymphocyte antigen 96 isoform X2 [Macaca fascicularis],ref|XP_015310279.1|,ref|XP_015310279.1| PREDICTED: lymphocyte antigen 96 isoform X2 [Macaca fascicularis],138,2.20059e-75,MLPFLFFSTLFSFIFTEAQKHYWVCNSSDASISYTYCDKMQYPISINVNPCIKLKGSRGLLHIFYIPRRDVKQLYFNLYITVNSMTLPKRKEVICRGSDDDYSFCRALKGETVNTTVSFSFKGIKFSK,1,128,9,136,UZ3762UXh5
94,OWK04196,LY96 [Cervus elaphus hippelaphus],gb|OWK04196.1|,gb|OWK04196.1| LY96 [Cervus elaphus hippelaphus],160,2.42565e-75,MFPLVLFSALFSSIFTEPEEKRWVCNSSDATVWYDYCDNLKFPVSIRSEPCITLKGSRGMLYVYFIPRRDIKSLYFNIYLSTKSMNFPLRKEVICRGYDDDFSFCRALKGETVNTTIQFSFRGIRFSKGQYNCITEAIEGNTEEKLFCLNFTVIHYPDFN,1,160,9,168,xFwc2JfGwM
95,XP_015310278,PREDICTED: lymphocyte antigen 96 isoform X1 [Macaca fascicularis],ref|XP_015310278.1|,ref|XP_015310278.1| PREDICTED: lymphocyte antigen 96 isoform X1 [Macaca fascicularis],141,2.56838e-75,MLPFLFFSTLFSFIFTEAQKHYWVCNSSDASISYTYCDKMQYPISINVNPCIKLKGSRGLLHIFYIPRRDVKQLYFNLYITVNSMTLPKRKEVICRGSDDDYSFCRALKGETVNTTVSFSFKGIKFSK,1,128,9,136,yfwEytwmXk
96,XP_022450930,lymphocyte antigen 96 [Delphinapterus leucas],ref|XP_022450930.1|,ref|XP_022450930.1| lymphocyte antigen 96 [Delphinapterus leucas],160,4.195e-75,MFPFMLLSALFSSTFTEPGEKRWICNSSDTSVWYSYCDNLKFPISINAEPCITLKGGRGNLYLYYIPRRDIKSLYFNIYVSFKSVNFPVRKEVICRGSDDDYSFCRALKGETVNTTISFSFKGIRFSEGRYKCITEAIAGNTEERLLCLNFTVIYHPD,1,158,9,166,8V39Xd6KUU
