,accession,hit_def,hit_id,title,length,e_value,subject_start,subject_end,query_start,query_end,uid,sequence
0,NP_056179,"lymphocyte antigen 96 isoform 1 precursor [Homo sapiens] >sp|Q9Y6Y9.2| RecName: Full=Lymphocyte antigen 96; Short=Ly-96; AltName: Full=ESOP-1; AltName: Full=Protein MD-2; Flags: Precursor [Homo sapiens] >gb|AKI71616.1| LY96, partial [synthetic construct] >gb|EAW87024.1| lymphocyte antigen 96 [Homo sapiens]",ref|NP_056179.4|,"ref|NP_056179.4| lymphocyte antigen 96 isoform 1 precursor [Homo sapiens] >sp|Q9Y6Y9.2| RecName: Full=Lymphocyte antigen 96; Short=Ly-96; AltName: Full=ESOP-1; AltName: Full=Protein MD-2; Flags: Precursor [Homo sapiens] >gb|AKI71616.1| LY96, partial [synthetic construct] >gb|EAW87024.1| lymphocyte antigen 96 [Homo sapiens]",160,7.94915e-115,1,160,9,168,fB9BrH1E7U,MLPFLFFSTLFSSIFTEAQKQYWVCNSSDASISYTYCDKMQYPISINVNPCIELKRSKGLLHIFYIPRRDLKQLYFNLYITVNTMNLPKRKEVICRGSDDDYSFCRALKGETVNTTISFSFKGIKFSKGKYKCVVEAISGSPEEMLFCLEFVILHQPNSN
1,XP_017377398,PREDICTED: lymphocyte antigen 96 isoform X1 [Cebus capucinus imitator],ref|XP_017377398.1|,ref|XP_017377398.1| PREDICTED: lymphocyte antigen 96 isoform X1 [Cebus capucinus imitator],160,4.25813e-101,1,160,9,168,k88FtZuxpJ,MLPFIFFSTLFSSMFTEAQKQHWICNSSDASISYTYCDKMQYPILINVDPCIKLTGTKGLLHIFYIPRRDLKQLYFNLYITVNSMNLPKRKEVICPGSDDDYSFCRALKGETLNITVPFSFKGIKFSKGRYKCVAEAISGSPEEVLFCLEFAIIHHPNSN
2,XP_003800091,lymphocyte antigen 96 isoform X1 [Otolemur garnettii],ref|XP_003800091.1|,ref|XP_003800091.1| lymphocyte antigen 96 isoform X1 [Otolemur garnettii],160,4.53007e-92,1,158,9,166,WpOeE3Oeuu,MFPFMLFSTLFSSTFTEPGKQYWVCNSSDASISYTYCDHMEYPISINVDPCIRLTGTKGYLHIFYIPRRDIQKLYFNLYISVNSMKLPKRKEVICRGSDDSYSFCRALKGETVNATISFSFKGIRFSKGRYRCIAEAIAGSNEEMLFCLNFTIIHHPN--
3,XP_004462521,lymphocyte antigen 96 [Dasypus novemcinctus],ref|XP_004462521.1|,ref|XP_004462521.1| lymphocyte antigen 96 [Dasypus novemcinctus],160,5.22669e-87,1,160,9,168,k1uo2r6Yef,MFPFMLFSTLFLSIFTEPRKQHWICNSSDASIWYNYCDNMNYPISINITPCITLKGSKGHLNLYYIPRRDLKNLYFNLYISVNSLELPKRKEVICRGSDDDYSFCRALKGETVNTSVPFSFKGMRFSKGLYRCVAEAISGKTEEMLFCLNLTILHRPDSN
4,XP_017521951,PREDICTED: lymphocyte antigen 96 [Manis javanica],ref|XP_017521951.1|,ref|XP_017521951.1| PREDICTED: lymphocyte antigen 96 [Manis javanica],160,1.76502e-86,1,160,9,168,RosVHww9BF,MFPFMLFSTLFASVFTEPMKQRWICNSSDLSVWYTYCDKMEFPISINVEPCITLKKSKGYLHLFYIPRRDIKKLYFNIYLSANSVDFPVRKEVICRGANDDYSFCRALKGETVNTTVSFSYKGIRFSKGQYRCVTEAIAGNTEEMLFCLNFTILHSPDFN
5,XP_006139872,lymphocyte antigen 96 isoform X1 [Tupaia chinensis],ref|XP_006139872.1|,ref|XP_006139872.1| lymphocyte antigen 96 isoform X1 [Tupaia chinensis],160,5.89517e-86,1,160,9,168,NEBymOhP1q,MFSFVLFSTLFSFIFTEPEKQHWVCNSSDVSISYTYCDKMKYPISLNLIPCIELAGTKGFLHLFYIPRRDLKKLYFNLYISVNSMNLPKRKEVICRGFDDDYSFCKAVKGESINTTIPFSFKGIRFPKGQYRCVAEAIVGNTEEMLFCLNFTIIYHPHLN
6,NP_001076256,lymphocyte antigen 96 precursor [Oryctolagus cuniculus] >ref|XP_008253869.1| PREDICTED: lymphocyte antigen 96 isoform X1 [Oryctolagus cuniculus] >gb|AAM50061.1| MD-2 [Oryctolagus cuniculus],ref|NP_001076256.1|,ref|NP_001076256.1| lymphocyte antigen 96 precursor [Oryctolagus cuniculus] >ref|XP_008253869.1| PREDICTED: lymphocyte antigen 96 isoform X1 [Oryctolagus cuniculus] >gb|AAM50061.1| MD-2 [Oryctolagus cuniculus],160,8.93828e-85,1,160,9,168,4XCYbhgXf3,MFTFMVFSTLISSIFTEPGKLHWVCKSADATVSYTYCDNMEIPISINVEPCITLKGTQGLLHIFYIPRRDMNQLYLNLYISVNSMDLPKRKEIICKGSDDVYSFCRALKGETVNTTVPFSFKGIRLSKGQYRCVVEAIAGSAEEMIFCLNFTIIHNPRVN
7,XP_012590812,lymphocyte antigen 96 isoform X1 [Microcebus murinus],ref|XP_012590812.1|,ref|XP_012590812.1| lymphocyte antigen 96 isoform X1 [Microcebus murinus],160,7.1749e-84,1,160,9,168,fhIGBTb9eq,MFLFMIFPTLFSSIFTEPGKQNWVCNSSDASIWYTYCDHMEYPISVNVNPCITLKGTRGLLHLYFIPRRDLNKLYFNLYISINSMELPKRKEVICRGSNDIYSFCRALKGETVNTTVSFSFSGIRFSKGKYRGIVEAIAGNTEEMLFCLNFTLIYRPRLN
8,XP_012883912,PREDICTED: lymphocyte antigen 96 isoform X1 [Dipodomys ordii],ref|XP_012883912.1|,ref|XP_012883912.1| PREDICTED: lymphocyte antigen 96 isoform X1 [Dipodomys ordii],163,7.19454e-84,1,160,9,168,7mK1eR6rTN,MLPFVLFSTLFSFIFIESEAQPWACNSSDATLSYTYCDNMKYPISLSTEPCITLKGTKGLIHVFYIPRRDLKKLYLNIYLSVNSMELPKRTEVICRGSDDEYSFCRALKGETVNTSVPFSFKGIQFPKGQYKCVVEAIAGDPEEKLFCLNFTIIHCHNKN
9,XP_025333813,lymphocyte antigen 96 isoform X1 [Canis lupus dingo] >ref|XP_853138.1| lymphocyte antigen 96 isoform X1 [Canis lupus familiaris],ref|XP_025333813.1|,ref|XP_025333813.1| lymphocyte antigen 96 isoform X1 [Canis lupus dingo] >ref|XP_853138.1| lymphocyte antigen 96 isoform X1 [Canis lupus familiaris],160,7.91886e-84,1,160,9,168,YJbqTDDCdA,MFPFMLFSTLFSSIFTEPGEQYWICNSSDASVWYTYCDYMKAPISIDLNPCIAMKGSKGYLHLYYIPRRDIKKLYFNLYISFNSMNLPMRKEVICRGSDDVYSFCRALKGETVDTRIPFSFRGIRFSKGQYNCVAEAISGDTEEKLFCLNFTVIHHPDFN
10,XP_006737136,PREDICTED: lymphocyte antigen 96 isoform X1 [Leptonychotes weddellii],ref|XP_006737136.1|,ref|XP_006737136.1| PREDICTED: lymphocyte antigen 96 isoform X1 [Leptonychotes weddellii],160,2.39601e-83,1,158,9,166,vZZVjZaBKf,MFPFMLFSTLFSSIFTEPGEQHWICNSSDSSVWYTYCDDMKVPISIGLNPCITLKGSKGYLHISYIARRDIEKLYFNLYLSFHSMHFPMRKEVICRGSDDLYSFCRALKGETVNTTVSFSFRGIRFSKGQYRCVAEAISGDPEEMLFCLNFTIIHHPD--
11,XP_011365244,lymphocyte antigen 96 [Pteropus vampyrus],ref|XP_011365244.1|,ref|XP_011365244.1| lymphocyte antigen 96 [Pteropus vampyrus],160,3.36563e-83,1,160,9,168,1wn3beCvZf,MFPFMLFSTLFSPICTEPAEQHWICNSSDTDIWYTYCDNMKFPISLNLNPCIELKGSRGYLHIFYIPRRDIKKLYFNLYLSFNSMNFPVRKEVICHGSDDEYSFCRALKGETVNTTISFSFKGIRFSKGQYRCIVEAITGYTEEKLFCLNFTIIYHPDFN
12,XP_008577095,PREDICTED: lymphocyte antigen 96 [Galeopterus variegatus],ref|XP_008577095.1|,ref|XP_008577095.1| PREDICTED: lymphocyte antigen 96 [Galeopterus variegatus],160,5.21392e-82,1,160,9,168,Gf36ER80Cl,MFPFMLFSTLFSFIFTEPGKQYWICNSSESSVSYTYCDKTEYPISINLEPCITLTGTRGFLHIFFIPRTDIKKLYFNLYISVNSVDFPKRKEVICRGSDDVYSFCGNLKGETVNTTISFSFGGMLFSKGRYRCVAEAIAGNAEEMLFCLNFTVIHNPRIN
13,XP_020028110,lymphocyte antigen 96 [Castor canadensis],ref|XP_020028110.1|,ref|XP_020028110.1| lymphocyte antigen 96 [Castor canadensis],157,5.67787e-82,1,157,9,165,wMnV3ncRZt,MLPLMLFSTLFSSIFAEPEELHWSCNSSDATFSYTYCDDMKFPISVHTEPCIELKGTNGFLHISYIPRRDLKKLYFNLYITVNSMELPKRKQVICRGYDDEYSFCRALKGETVNTTVSFSFKGIRFPKGRYRCITEAIVGDNEEKLFCLNFTVIHRP---
14,XP_003408398,lymphocyte antigen 96 isoform X1 [Loxodonta africana],ref|XP_003408398.1|,ref|XP_003408398.1| lymphocyte antigen 96 isoform X1 [Loxodonta africana],155,1.22105e-81,1,155,9,163,7UHi6cKXwP,MFPFVLFSTLFSSIFPEPGEQRWVCNSSDLSVWYTYCDNLKYPILLNLTPCITLKASKGHLHVYYVPRRDIKKLYFNLYISFNSISLPKRKEVVCRGSEDDYSFCRALKGETVTATIPFSFKGIKFSKGQYRCVAEAMTGSPEEMLFCLNFTLIH-----
15,XP_012409905,lymphocyte antigen 96 [Trichechus manatus latirostris],ref|XP_012409905.1|,ref|XP_012409905.1| lymphocyte antigen 96 [Trichechus manatus latirostris],155,1.34765e-81,1,155,9,163,DhKYpN6Owh,MFQFVLFSTLFPSVFTELGEPRWVCNSSDISIWYTYCDNMKYPISLNLTPCITLKGSRGLLHIYYIPRRDVEKLYFNLYLSVNSINLPKRKEVICRGSDDSYSFCRALKGETVNTTIPFSFRGIKFSKGLYRCVAEAISGKTEEMLFCLNFTMIH-----
16,XP_004762397,PREDICTED: lymphocyte antigen 96 isoform X1 [Mustela putorius furo],ref|XP_004762397.1|,ref|XP_004762397.1| PREDICTED: lymphocyte antigen 96 isoform X1 [Mustela putorius furo],160,4.61766e-81,1,160,9,168,rHIWE14s99,MFSFMLFSTLFSSIFAEPGEQRWVCNSSDISVWYTYCDDMKAPISIEVKPCITLKGSKGYLHLSYIPRRDIKKLYFNIYLSFNSMDFPMRKEVVCRGSDDLYSFCRALKGETVNTAVSFSFRGLRFSKGRYRCVAEAISGDPEEMLFCLNFTIIHHPDFN
17,XP_004403951,PREDICTED: lymphocyte antigen 96 [Odobenus rosmarus divergens],ref|XP_004403951.1|,ref|XP_004403951.1| PREDICTED: lymphocyte antigen 96 [Odobenus rosmarus divergens],160,7.64502e-81,1,160,9,168,VynlNdI9oz,MFPFMLFSTLFSSIFTEPGEPHWICNSSDSSVWYTYCDNMKVPISIDVKPCIALKGSNGYLHIYYIPRRDIKKLYFNLYISFHSMHFPMRKEVVCQGSDDLYSFCSALKGETVNTTVYFSFKGLRFSKGQYKCVAEAVSGDPEETLFCLNFTIIHHPDFN
18,XP_024434115,lymphocyte antigen 96 [Desmodus rotundus],ref|XP_024434115.1|,ref|XP_024434115.1| lymphocyte antigen 96 [Desmodus rotundus],160,1.4756e-80,1,160,9,168,1I3bu7ZUDl,MFPLMLFSTLFSSTFTEPGEQYWICNSSDSSVWYSYCDNMEYPISLIPEPCIILKGTSGHLHIFFIPRRDIKKLYFNLYLSFNTLEFPMRKEVICRGSDDEYSFCRALKGETVNTSVPFSFKGILFSKGRYRCVVEAIAGNTEEMLFCLNFTIIHHPDIN
19,XP_002930732,"PREDICTED: lymphocyte antigen 96 [Ailuropoda melanoleuca] >gb|EFB18394.1| hypothetical protein PANDA_021279, partial [Ailuropoda melanoleuca]",ref|XP_002930732.1|,"ref|XP_002930732.1| PREDICTED: lymphocyte antigen 96 [Ailuropoda melanoleuca] >gb|EFB18394.1| hypothetical protein PANDA_021279, partial [Ailuropoda melanoleuca]",160,2.39001e-80,1,160,9,168,wJaCqDYfAX,MFTFMLFSTLFSSIFTEPGEQHWICNSSDSSVWYSYCDNMKVPISIDPKPCITLKGSRGYLHLSYIPRRDIKKLYFKLYLSFNSMHFPMRKEVICRGSDDVYSFCRALKGETVNTAVSFSYKGIRFSKGQYRCVAEAVSGDPEEMLFCLNFTIIHHPDFN
20,XP_029779690,lymphocyte antigen 96 [Suricata suricatta],ref|XP_029779690.1|,ref|XP_029779690.1| lymphocyte antigen 96 [Suricata suricatta],177,1.03912e-79,18,177,9,168,ye4M0wmZkO,MFPFILFSTLFSFIFTEPGEQQWICNSSDSSVWYSHCDNMKVPISIDIKPCLTMKGSQGNLHLSFVPRRDIRKLYFNLYLSINLMNLPMRKEVICRGSDDVYSFCRALKGETVNTAVSFSFRGIRFSKGEYRCVAEAIAGNTEEMLFCLNFTILHDPNFN
21,XP_015341363,PREDICTED: lymphocyte antigen 96 [Marmota marmota marmota],ref|XP_015341363.1|,ref|XP_015341363.1| PREDICTED: lymphocyte antigen 96 [Marmota marmota marmota],178,1.14758e-79,19,178,9,168,UVxjLx0lbm,MLSFMLFSTMFSSILTEPEEQHWTCSSSDATIAYTYCDDIKFPILVRPEPCISLKGTEGFLHIFYIPRRDLKQLYFNLYISVNSMNLPKRKEVICRGANDEYSFCRALKGETVNTTIPFSFRGILFLKGRYRCVAEAIAGHTEEKLFCLNFTITYHPRLN
22,XP_008847121,lymphocyte antigen 96 isoform X3 [Nannospalax galili],ref|XP_008847121.1|,ref|XP_008847121.1| lymphocyte antigen 96 isoform X3 [Nannospalax galili],158,5.60484e-79,1,158,9,166,3YdncopFVY,MLPFILFSTLFSPIFTESEEQLWVCNSSDTTISYTYCDNIKFPISISAEPCITLKGTNGILHIVFIPRRDIKKLYFNLFINLNSMVLPKRKEVICRGYDDDYSFCSALKGETVNTTVPFSFRGILFSKGQYTCVAEAIVGDIEEKLFCLNFTIIHHNN--
23,XP_016009179,PREDICTED: lymphocyte antigen 96 [Rousettus aegyptiacus],ref|XP_016009179.1|,ref|XP_016009179.1| PREDICTED: lymphocyte antigen 96 [Rousettus aegyptiacus],160,1.02544e-78,1,158,9,166,RyKvYgCHYQ,MFPFMLFSTLFSSVFTQPAEQHWVCNSSDTDIWYTYCDDMKFPISLNVNPCITLKGTRGNLHVSYIPRRDIKKLYFNLYVSFNSMNFPLRTEVVCHGSDDVYSFCRALKGETVNATIPFSFRGLRFTKGRYRCIAEAFSGHTEEKLFCLNFTIIHHPD--
24,XP_006880603,PREDICTED: lymphocyte antigen 96 [Elephantulus edwardii],ref|XP_006880603.1|,ref|XP_006880603.1| PREDICTED: lymphocyte antigen 96 [Elephantulus edwardii],158,1.64055e-78,1,155,9,163,9mRoSgi3Vt,MFSFMLFPTLFPTVFPEPKQQHWICNSSDLSVWYTYCDNMKYPISIIPTPCVSLKGSKGQLHLSYIPRRDMKKLYFNLYVSINSLDFPKRKEVICRGSDDDYSFCRALKGETINTTISFSYKGLKFSKGQYRVVAEAITGSAEEMLFCLNFTLIH-----
25,XP_006185920,PREDICTED: lymphocyte antigen 96 [Camelus ferus] >ref|XP_010949774.1| PREDICTED: lymphocyte antigen 96 [Camelus bactrianus] >ref|XP_010977720.1| PREDICTED: lymphocyte antigen 96 [Camelus dromedarius],ref|XP_006185920.1|,ref|XP_006185920.1| PREDICTED: lymphocyte antigen 96 [Camelus ferus] >ref|XP_010949774.1| PREDICTED: lymphocyte antigen 96 [Camelus bactrianus] >ref|XP_010977720.1| PREDICTED: lymphocyte antigen 96 [Camelus dromedarius],160,2.1604e-78,1,160,9,168,ByYLcYwKmP,MFPLMLFSTLFSSIFTEPGEKHWICNSSDASIWYNYCDDKKFPISISTKPCITLKGSNGYLYLYFIPRRDIKKLYFNLYISVKSIRLPERKEVICRGSDDNYSFCRALKGETVNTTIGFSFKGLRFSKGQYNCVAEAISGDTEERLLCLNFTIIHHPDSS
26,XP_014709236,PREDICTED: lymphocyte antigen 96 isoform X1 [Equus asinus],ref|XP_014709236.1|,ref|XP_014709236.1| PREDICTED: lymphocyte antigen 96 isoform X1 [Equus asinus],173,3.09326e-78,14,173,9,168,5DIpbLjchH,MFSFMLFFTLFSSIFPEPEELRWICNSSDMSIWYTYCDNMKSPISINLEPCIELKGTSGHLHILFVPRRDIKKLYFNLYLTMNSLEFPMRKEVICRGSDDDYSFCRALKGETVNTTVSFSFRGMRFPKGRYRCIAEAVVGNTEEALFCLNFTLLHQPSFN
27,XP_004842102,lymphocyte antigen 96 [Heterocephalus glaber] >gb|EHB04643.1| Lymphocyte antigen 96 [Heterocephalus glaber],ref|XP_004842102.1|,ref|XP_004842102.1| lymphocyte antigen 96 [Heterocephalus glaber] >gb|EHB04643.1| Lymphocyte antigen 96 [Heterocephalus glaber],160,7.95905e-78,1,160,9,168,Lx5x6gMW2r,MLPFMLFSTLFSPIFTEPEEPLWICSSSDANISYTYCDNKKFPISINIIPCLTLKGSSGSLHIFFIPRRDLKKLYFNLHISFHSMKLPMRKEVICRGYDDEYSFCRALKGESVNATIAFSFKGIRFAKGRYNCVAEAITGDIEERLFCLNFTIEHLPHLN
28,XP_004679848,PREDICTED: lymphocyte antigen 96 [Condylura cristata],ref|XP_004679848.1|,ref|XP_004679848.1| PREDICTED: lymphocyte antigen 96 [Condylura cristata],160,9.80125e-78,1,160,9,168,lxJiokF4ke,MFPLMLFSTLFSSIFTEPGEKHWICNSSDASIWYSYCDNMKYPISINIHPCLTLKGHRGYLHIFYIARGDLKNLYFNLKLSFNSMNFLERTQVICKGADGDYSFCRALKGETVNTTISYSFKRLLFSKGQYRLIVEAITGSTGEMLFCLNFIIIHHPNSN
29,XP_008148549,lymphocyte antigen 96 [Eptesicus fuscus],ref|XP_008148549.1|,ref|XP_008148549.1| lymphocyte antigen 96 [Eptesicus fuscus],160,9.90924e-78,1,160,9,168,DYAneOj3vG,MFPLMLFSTLFSSTLPESGEQHWICNSSDVSLWYTYCDNVKYPISVRSEPCVELKGSKGYLHISYIPRRDMKNLYFNLYLSFKTMTFPMRKEVICRGSDDDYSFCRALKGETVNTSVPFSFKGILFSKGKYRWIVEAITGNTEEMLFCLNFTIIHHSAFN
30,XP_007954948,PREDICTED: lymphocyte antigen 96 [Orycteropus afer afer],ref|XP_007954948.1|,ref|XP_007954948.1| PREDICTED: lymphocyte antigen 96 [Orycteropus afer afer],155,1.58263e-77,1,155,9,163,5kPeOnAivT,MFPFLLFSTLFPFIFTELGEQHWICNSSDLSVWYTYCDNMKYPISLNLIPCITLKGSRGHLQISYIPRRDIKKLYFNLYVSTKSLDFPKRKEVVCRGSDDDYSFCRALKGETVNTTVSFSFKEIKFSKGRYKIIAEAIAGSTEEMIFCLNATVIH-----
31,XP_004637614,lymphocyte antigen 96 isoform X1 [Octodon degus],ref|XP_004637614.1|,ref|XP_004637614.1| lymphocyte antigen 96 isoform X1 [Octodon degus],160,5.41573e-77,1,160,9,168,q33fxU9P1u,MLPLMLFSTLFSPIFTEPKDHHWICNSSDASISYTYCDDMKFPISVNVTPCLTFKGSSGTLNISFIPRRDLRKLYFNLYVSFKSMNLPERKEVICRGYDDVYSFCRALKGETVNAKVPFSYRGILFSKGRYSCVAEAITGDAEERLFCLNFTIMHLPHIN
32,XP_007080415,PREDICTED: lymphocyte antigen 96 isoform X2 [Panthera tigris altaica] >ref|XP_007080416.1| PREDICTED: lymphocyte antigen 96 isoform X1 [Panthera tigris altaica],ref|XP_007080415.1|,ref|XP_007080415.1| PREDICTED: lymphocyte antigen 96 isoform X2 [Panthera tigris altaica] >ref|XP_007080416.1| PREDICTED: lymphocyte antigen 96 isoform X1 [Panthera tigris altaica],160,8.03469e-77,1,160,9,168,S4AcjwXoJI,MFPFILFSTLFSSTFTEPGELQWICNSSDSSVWYSHCDNMKVPISIAIKPCMSMKGSGGYVHLSFIPRRDIKKLYFNLYLSINSMDLPVRKEVICRGSDDVYSFCRALKGETVNTTVHFSFRGIRFSKGQYRCVAEAITGNTEEMLFCLNFTVIYDPNFN
33,NP_001039982,lymphocyte antigen 96 precursor [Bos taurus] >ref|XP_005907571.1| PREDICTED: lymphocyte antigen 96 [Bos mutus] >ref|XP_010845241.1| PREDICTED: lymphocyte antigen 96 [Bison bison bison] >gb|ABC47879.1| MD-2 protein [Bos taurus] >gb|ELR47773.1| Lymphocyte antigen 96 [Bos mutus] >tpg|DAA22676.1| TPA: lymphocyte antigen 96 [Bos taurus],ref|NP_001039982.1|,ref|NP_001039982.1| lymphocyte antigen 96 precursor [Bos taurus] >ref|XP_005907571.1| PREDICTED: lymphocyte antigen 96 [Bos mutus] >ref|XP_010845241.1| PREDICTED: lymphocyte antigen 96 [Bison bison bison] >gb|ABC47879.1| MD-2 protein [Bos taurus] >gb|ELR47773.1| Lymphocyte antigen 96 [Bos mutus] >tpg|DAA22676.1| TPA: lymphocyte antigen 96 [Bos taurus],160,1.60236e-76,1,160,9,168,CW8ZlOPIVn,MFPFVLFSTLFSSIFTEPRENRWVCNSSDATVWYDYCDNLKFPVSIRSEPCITLKGSRGILYLYYIPRRDIRSLYFNIYLSTKSMNFPLRKEVICRGYDDDFSFCRALKGETVNTTIQFSFRGIRFSKGQYNCITEAIEGNTEEKLFCLNFTIIHYPDFN
34,XP_016071489,PREDICTED: lymphocyte antigen 96 isoform X1 [Miniopterus natalensis],ref|XP_016071489.1|,ref|XP_016071489.1| PREDICTED: lymphocyte antigen 96 isoform X1 [Miniopterus natalensis],160,6.95648e-76,1,160,9,168,KrFSfsn3F0,MFPLMLFSMLFSSTCTEPREPHWICNSSDLTFWYTYCDHMEYPILIKTEPCIQLMGSKGYLHIFYIPRRDIKKLYFNLYLSYNSLNFPVRQEVVCRGSDDEFSFCRALKGETVNTTVSFSFRGIRFSKGRYQCVVEAITGNTGEMLFCLNFTIIHYSGFN
35,XP_029078284,lymphocyte antigen 96 [Monodon monoceros],ref|XP_029078284.1|,ref|XP_029078284.1| lymphocyte antigen 96 [Monodon monoceros],160,1.12656e-75,1,158,9,166,saTyTwOjYt,MFPFMLLSALFSSTFTEPGEKHWICNSSDTSVWYSYCDNLKFPISINAEPCITLKGGRGNLYLYYIPRRDIKSLYFNIYVSFKSVNFPVRKEVICRGSDDDYSFCRALKGETVNTTISFSFKGIRFSEGRYKCITEAIAGNTEERLLCLNFTVIYHPD--
36,XP_021026766,lymphocyte antigen 96 isoform X1 [Mus caroli],ref|XP_021026766.1|,ref|XP_021026766.1| lymphocyte antigen 96 isoform X1 [Mus caroli],160,1.40255e-75,1,160,9,168,vECiTBLzCA,MLPFIFFSTLLSPIFTESEKQQWICNSSDAIISYSYCDHMKFPISISSEPCIRLRGTNGFVHVEFIPRGNLKYLYFNLFISVNSIELPKRKEVLCHGHDDDYSFCRALKGETVNTSIPFSFEGILFPKGHYRCVAEAIAGDTEEKLFCLNFTIIHRRDVN
