,accession,hit_def,hit_id,title,length,e_value,subject_start,subject_end,query_start,query_end,uid,sequence,type,id,parent,label,distance,reconstruct_label,ml_sequence,ml_posterior,alt_sequence,alt_posterior
0,NP_056179,"lymphocyte antigen 96 isoform 1 precursor [Homo sapiens] >sp|Q9Y6Y9.2| RecName: Full=Lymphocyte antigen 96; Short=Ly-96; AltName: Full=ESOP-1; AltName: Full=Protein MD-2; Flags: Precursor [Homo sapiens] >gb|AKI71616.1| LY96, partial [synthetic construct] >gb|EAW87024.1| lymphocyte antigen 96 [Homo sapiens]",ref|NP_056179.4|,"ref|NP_056179.4| lymphocyte antigen 96 isoform 1 precursor [Homo sapiens] >sp|Q9Y6Y9.2| RecName: Full=Lymphocyte antigen 96; Short=Ly-96; AltName: Full=ESOP-1; AltName: Full=Protein MD-2; Flags: Precursor [Homo sapiens] >gb|AKI71616.1| LY96, partial [synthetic construct] >gb|EAW87024.1| lymphocyte antigen 96 [Homo sapiens]",0.08352643,7.94915e-115,1,160,9,168,fB9BrH1E7U,MLPFLFFSTLFSSIFTEAQKQYWVCNSSDASISYTYCDKMQYPISINVNPCIELKRSKGLLHIFYIPRRDLKQLYFNLYITVNTMNLPKRKEVICRGSDDDYSFCRALKGETVNTTISFSFKGIKFSKGKYKCVVEAISGSPEEMLFCLEFVILH,leaf,fB9BrH1E7U,0,fB9BrH1E7U,0.08352643,fB9BrH1E7U,,,,
1,XP_017377398,PREDICTED: lymphocyte antigen 96 isoform X1 [Cebus capucinus imitator],ref|XP_017377398.1|,ref|XP_017377398.1| PREDICTED: lymphocyte antigen 96 isoform X1 [Cebus capucinus imitator],0.08021016,4.25813e-101,1,160,9,168,k88FtZuxpJ,MLPFIFFSTLFSSMFTEAQKQHWICNSSDASISYTYCDKMQYPILINVDPCIKLTGTKGLLHIFYIPRRDLKQLYFNLYITVNSMNLPKRKEVICPGSDDDYSFCRALKGETLNITVPFSFKGIKFSKGRYKCVAEAISGSPEEVLFCLEFAIIH,leaf,k88FtZuxpJ,0,k88FtZuxpJ,0.08021016,k88FtZuxpJ,,,,
2,XP_003800091,lymphocyte antigen 96 isoform X1 [Otolemur garnettii],ref|XP_003800091.1|,ref|XP_003800091.1| lymphocyte antigen 96 isoform X1 [Otolemur garnettii],0.10154427,4.53007e-92,1,158,9,166,WpOeE3Oeuu,MFPFMLFSTLFSSTFTEPGKQYWVCNSSDASISYTYCDHMEYPISINVDPCIRLTGTKGYLHIFYIPRRDIQKLYFNLYISVNSMKLPKRKEVICRGSDDSYSFCRALKGETVNATISFSFKGIRFSKGRYRCIAEAIAGSNEEMLFCLNFTIIH,leaf,WpOeE3Oeuu,12,WpOeE3Oeuu,0.34348592,WpOeE3Oeuu,,,,
3,XP_004462521,lymphocyte antigen 96 [Dasypus novemcinctus],ref|XP_004462521.1|,ref|XP_004462521.1| lymphocyte antigen 96 [Dasypus novemcinctus],0.14540371,5.22669e-87,1,160,9,168,k1uo2r6Yef,MFPFMLFSTLFLSIFTEPRKQHWICNSSDASIWYNYCDNMNYPISINITPCITLKGSKGHLNLYYIPRRDLKNLYFNLYISVNSLELPKRKEVICRGSDDDYSFCRALKGETVNTSVPFSFKGMRFSKGLYRCVAEAISGKTEEMLFCLNLTILH,leaf,k1uo2r6Yef,14,k1uo2r6Yef,0.40342546,k1uo2r6Yef,,,,
4,XP_017521951,PREDICTED: lymphocyte antigen 96 [Manis javanica],ref|XP_017521951.1|,ref|XP_017521951.1| PREDICTED: lymphocyte antigen 96 [Manis javanica],0.14615771,1.76502e-86,1,160,9,168,RosVHww9BF,MFPFMLFSTLFASVFTEPMKQRWICNSSDLSVWYTYCDKMEFPISINVEPCITLKKSKGYLHLFYIPRRDIKKLYFNIYLSANSVDFPVRKEVICRGANDDYSFCRALKGETVNTTVSFSYKGIRFSKGQYRCVTEAIAGNTEEMLFCLNFTILH,leaf,RosVHww9BF,19,RosVHww9BF,0.4256,RosVHww9BF,,,,
5,XP_006139872,lymphocyte antigen 96 isoform X1 [Tupaia chinensis],ref|XP_006139872.1|,ref|XP_006139872.1| lymphocyte antigen 96 isoform X1 [Tupaia chinensis],0.17303973,5.89517e-86,1,160,9,168,NEBymOhP1q,MFSFVLFSTLFSFIFTEPEKQHWVCNSSDVSISYTYCDKMKYPISLNLIPCIELAGTKGFLHLFYIPRRDLKKLYFNLYISVNSMNLPKRKEVICRGFDDDYSFCKAVKGESINTTIPFSFKGIRFPKGQYRCVAEAIVGNTEEMLFCLNFTIIY,leaf,NEBymOhP1q,8,NEBymOhP1q,0.34003141000000003,NEBymOhP1q,,,,
6,NP_001076256,lymphocyte antigen 96 precursor [Oryctolagus cuniculus] >ref|XP_008253869.1| PREDICTED: lymphocyte antigen 96 isoform X1 [Oryctolagus cuniculus] >gb|AAM50061.1| MD-2 [Oryctolagus cuniculus],ref|NP_001076256.1|,ref|NP_001076256.1| lymphocyte antigen 96 precursor [Oryctolagus cuniculus] >ref|XP_008253869.1| PREDICTED: lymphocyte antigen 96 isoform X1 [Oryctolagus cuniculus] >gb|AAM50061.1| MD-2 [Oryctolagus cuniculus],0.14640416,8.93828e-85,1,160,9,168,4XCYbhgXf3,MFTFMVFSTLISSIFTEPGKLHWVCKSADATVSYTYCDNMEIPISINVEPCITLKGTQGLLHIFYIPRRDMNQLYLNLYISVNSMDLPKRKEIICKGSDDVYSFCRALKGETVNTTVPFSFKGIRLSKGQYRCVVEAIAGSAEEMIFCLNFTIIH,leaf,4XCYbhgXf3,11,4XCYbhgXf3,0.38450372,4XCYbhgXf3,,,,
7,XP_012590812,lymphocyte antigen 96 isoform X1 [Microcebus murinus],ref|XP_012590812.1|,ref|XP_012590812.1| lymphocyte antigen 96 isoform X1 [Microcebus murinus],0.18415899,7.1749e-84,1,160,9,168,fhIGBTb9eq,MFLFMIFPTLFSSIFTEPGKQNWVCNSSDASIWYTYCDHMEYPISVNVNPCITLKGTRGLLHLYFIPRRDLNKLYFNLYISINSMELPKRKEVICRGSNDIYSFCRALKGETVNTTVSFSFSGIRFSKGKYRGIVEAIAGNTEEMLFCLNFTLIY,leaf,fhIGBTb9eq,11,fhIGBTb9eq,0.42225855,fhIGBTb9eq,,,,
8,XP_012883912,PREDICTED: lymphocyte antigen 96 isoform X1 [Dipodomys ordii],ref|XP_012883912.1|,ref|XP_012883912.1| PREDICTED: lymphocyte antigen 96 isoform X1 [Dipodomys ordii],0.1963469,7.19454e-84,1,160,9,168,7mK1eR6rTN,MLPFVLFSTLFSFIFIESEAQPWACNSSDATLSYTYCDNMKYPISLSTEPCITLKGTKGLIHVFYIPRRDLKKLYLNIYLSVNSMELPKRTEVICRGSDDEYSFCRALKGETVNTSVPFSFKGIQFPKGQYKCVVEAIAGDPEEKLFCLNFTIIH,leaf,7mK1eR6rTN,2,7mK1eR6rTN,0.40806306999999997,7mK1eR6rTN,,,,
9,XP_025333813,lymphocyte antigen 96 isoform X1 [Canis lupus dingo] >ref|XP_853138.1| lymphocyte antigen 96 isoform X1 [Canis lupus familiaris],ref|XP_025333813.1|,ref|XP_025333813.1| lymphocyte antigen 96 isoform X1 [Canis lupus dingo] >ref|XP_853138.1| lymphocyte antigen 96 isoform X1 [Canis lupus familiaris],0.12767362,7.91886e-84,1,160,9,168,YJbqTDDCdA,MFPFMLFSTLFSSIFTEPGEQYWICNSSDASVWYTYCDYMKAPISIDLNPCIAMKGSKGYLHLYYIPRRDIKKLYFNLYISFNSMNLPMRKEVICRGSDDVYSFCRALKGETVDTRIPFSFRGIRFSKGQYNCVAEAISGDTEEKLFCLNFTVIH,leaf,YJbqTDDCdA,23,YJbqTDDCdA,0.49162728,YJbqTDDCdA,,,,
10,XP_006737136,PREDICTED: lymphocyte antigen 96 isoform X1 [Leptonychotes weddellii],ref|XP_006737136.1|,ref|XP_006737136.1| PREDICTED: lymphocyte antigen 96 isoform X1 [Leptonychotes weddellii],0.04761867,2.39601e-83,1,158,9,166,vZZVjZaBKf,MFPFMLFSTLFSSIFTEPGEQHWICNSSDSSVWYTYCDDMKVPISIGLNPCITLKGSKGYLHISYIARRDIEKLYFNLYLSFHSMHFPMRKEVICRGSDDLYSFCRALKGETVNTTVSFSFRGIRFSKGQYRCVAEAISGDPEEMLFCLNFTIIH,leaf,vZZVjZaBKf,27,vZZVjZaBKf,0.43009038,vZZVjZaBKf,,,,
11,XP_011365244,lymphocyte antigen 96 [Pteropus vampyrus],ref|XP_011365244.1|,ref|XP_011365244.1| lymphocyte antigen 96 [Pteropus vampyrus],0.06647295,3.36563e-83,1,160,9,168,1wn3beCvZf,MFPFMLFSTLFSPICTEPAEQHWICNSSDTDIWYTYCDNMKFPISLNLNPCIELKGSRGYLHIFYIPRRDIKKLYFNLYLSFNSMNFPVRKEVICHGSDDEYSFCRALKGETVNTTISFSFKGIRFSKGQYRCIVEAITGYTEEKLFCLNFTIIY,leaf,1wn3beCvZf,31,1wn3beCvZf,0.45892938000000005,1wn3beCvZf,,,,
12,XP_008577095,PREDICTED: lymphocyte antigen 96 [Galeopterus variegatus],ref|XP_008577095.1|,ref|XP_008577095.1| PREDICTED: lymphocyte antigen 96 [Galeopterus variegatus],0.17523536,5.21392e-82,1,160,9,168,Gf36ER80Cl,MFPFMLFSTLFSFIFTEPGKQYWICNSSESSVSYTYCDKTEYPISINLEPCITLTGTRGFLHIFFIPRTDIKKLYFNLYISVNSVDFPKRKEVICRGSDDVYSFCGNLKGETVNTTISFSFGGMLFSKGRYRCVAEAIAGNAEEMLFCLNFTVIH,leaf,Gf36ER80Cl,12,Gf36ER80Cl,0.41717701000000007,Gf36ER80Cl,,,,
13,XP_020028110,lymphocyte antigen 96 [Castor canadensis],ref|XP_020028110.1|,ref|XP_020028110.1| lymphocyte antigen 96 [Castor canadensis],0.16897955,5.67787e-82,1,157,9,165,wMnV3ncRZt,MLPLMLFSTLFSSIFAEPEELHWSCNSSDATFSYTYCDDMKFPISVHTEPCIELKGTNGFLHISYIPRRDLKKLYFNLYITVNSMELPKRKQVICRGYDDEYSFCRALKGETVNTTVSFSFKGIRFPKGRYRCITEAIVGDNEEKLFCLNFTVIH,leaf,wMnV3ncRZt,4,wMnV3ncRZt,0.40895417,wMnV3ncRZt,,,,
14,XP_003408398,lymphocyte antigen 96 isoform X1 [Loxodonta africana],ref|XP_003408398.1|,ref|XP_003408398.1| lymphocyte antigen 96 isoform X1 [Loxodonta africana],0.14362455,1.22105e-81,1,155,9,163,7UHi6cKXwP,MFPFVLFSTLFSSIFPEPGEQRWVCNSSDLSVWYTYCDNLKYPILLNLTPCITLKASKGHLHVYYVPRRDIKKLYFNLYISFNSISLPKRKEVVCRGSEDDYSFCRALKGETVTATIPFSFKGIKFSKGQYRCVAEAMTGSPEEMLFCLNFTLIH,leaf,7UHi6cKXwP,17,7UHi6cKXwP,0.49084688,7UHi6cKXwP,,,,
15,XP_012409905,lymphocyte antigen 96 [Trichechus manatus latirostris],ref|XP_012409905.1|,ref|XP_012409905.1| lymphocyte antigen 96 [Trichechus manatus latirostris],0.14178314,1.34765e-81,1,155,9,163,DhKYpN6Owh,MFQFVLFSTLFPSVFTELGEPRWVCNSSDISIWYTYCDNMKYPISLNLTPCITLKGSRGLLHIYYIPRRDVEKLYFNLYLSVNSINLPKRKEVICRGSDDSYSFCRALKGETVNTTIPFSFRGIKFSKGLYRCVAEAISGKTEEMLFCLNFTMIH,leaf,DhKYpN6Owh,17,DhKYpN6Owh,0.48900547000000005,DhKYpN6Owh,,,,
16,XP_004762397,PREDICTED: lymphocyte antigen 96 isoform X1 [Mustela putorius furo],ref|XP_004762397.1|,ref|XP_004762397.1| PREDICTED: lymphocyte antigen 96 isoform X1 [Mustela putorius furo],0.10857984,4.61766e-81,1,160,9,168,rHIWE14s99,MFSFMLFSTLFSSIFAEPGEQRWVCNSSDISVWYTYCDDMKAPISIEVKPCITLKGSKGYLHLSYIPRRDIKKLYFNIYLSFNSMDFPMRKEVVCRGSDDLYSFCRALKGETVNTAVSFSFRGLRFSKGRYRCVAEAISGDPEEMLFCLNFTIIH,leaf,rHIWE14s99,26,rHIWE14s99,0.48862943999999997,rHIWE14s99,,,,
17,XP_004403951,PREDICTED: lymphocyte antigen 96 [Odobenus rosmarus divergens],ref|XP_004403951.1|,ref|XP_004403951.1| PREDICTED: lymphocyte antigen 96 [Odobenus rosmarus divergens],0.11045587,7.64502e-81,1,160,9,168,VynlNdI9oz,MFPFMLFSTLFSSIFTEPGEPHWICNSSDSSVWYTYCDNMKVPISIDVKPCIALKGSNGYLHIYYIPRRDIKKLYFNLYISFHSMHFPMRKEVVCQGSDDLYSFCSALKGETVNTTVYFSFKGLRFSKGQYKCVAEAVSGDPEETLFCLNFTIIH,leaf,VynlNdI9oz,27,VynlNdI9oz,0.4929275799999999,VynlNdI9oz,,,,
18,XP_024434115,lymphocyte antigen 96 [Desmodus rotundus],ref|XP_024434115.1|,ref|XP_024434115.1| lymphocyte antigen 96 [Desmodus rotundus],0.12823433,1.4756e-80,1,160,9,168,1I3bu7ZUDl,MFPLMLFSTLFSSTFTEPGEQYWICNSSDSSVWYSYCDNMEYPISLIPEPCIILKGTSGHLHIFFIPRRDIKKLYFNLYLSFNTLEFPMRKEVICRGSDDEYSFCRALKGETVNTSVPFSFKGILFSKGRYRCVVEAIAGNTEEMLFCLNFTIIH,leaf,1I3bu7ZUDl,34,1I3bu7ZUDl,0.48999052,1I3bu7ZUDl,,,,
19,XP_002930732,"PREDICTED: lymphocyte antigen 96 [Ailuropoda melanoleuca] >gb|EFB18394.1| hypothetical protein PANDA_021279, partial [Ailuropoda melanoleuca]",ref|XP_002930732.1|,"ref|XP_002930732.1| PREDICTED: lymphocyte antigen 96 [Ailuropoda melanoleuca] >gb|EFB18394.1| hypothetical protein PANDA_021279, partial [Ailuropoda melanoleuca]",0.05807002,2.39001e-80,1,160,9,168,wJaCqDYfAX,MFTFMLFSTLFSSIFTEPGEQHWICNSSDSSVWYSYCDNMKVPISIDPKPCITLKGSRGYLHLSYIPRRDIKKLYFKLYLSFNSMHFPMRKEVICRGSDDVYSFCRALKGETVNTAVSFSYKGIRFSKGQYRCVAEAVSGDPEEMLFCLNFTIIH,leaf,wJaCqDYfAX,26,wJaCqDYfAX,0.43811962000000004,wJaCqDYfAX,,,,
20,XP_029779690,lymphocyte antigen 96 [Suricata suricatta],ref|XP_029779690.1|,ref|XP_029779690.1| lymphocyte antigen 96 [Suricata suricatta],0.07675236,1.03912e-79,18,177,9,168,ye4M0wmZkO,MFPFILFSTLFSFIFTEPGEQQWICNSSDSSVWYSHCDNMKVPISIDIKPCLTMKGSQGNLHLSFVPRRDIRKLYFNLYLSINLMNLPMRKEVICRGSDDVYSFCRALKGETVNTAVSFSFRGIRFSKGEYRCVAEAIAGNTEEMLFCLNFTILH,leaf,ye4M0wmZkO,24,ye4M0wmZkO,0.50859309,ye4M0wmZkO,,,,
21,XP_015341363,PREDICTED: lymphocyte antigen 96 [Marmota marmota marmota],ref|XP_015341363.1|,ref|XP_015341363.1| PREDICTED: lymphocyte antigen 96 [Marmota marmota marmota],0.22469625,1.14758e-79,19,178,9,168,UVxjLx0lbm,MLSFMLFSTMFSSILTEPEEQHWTCSSSDATIAYTYCDDIKFPILVRPEPCISLKGTEGFLHIFYIPRRDLKQLYFNLYISVNSMNLPKRKEVICRGANDEYSFCRALKGETVNTTIPFSFRGILFLKGRYRCVAEAIAGHTEEKLFCLNFTITY,leaf,UVxjLx0lbm,3,UVxjLx0lbm,0.44540528999999995,UVxjLx0lbm,,,,
22,XP_008847121,lymphocyte antigen 96 isoform X3 [Nannospalax galili],ref|XP_008847121.1|,ref|XP_008847121.1| lymphocyte antigen 96 isoform X3 [Nannospalax galili],0.13888921,5.60484e-79,1,158,9,166,3YdncopFVY,MLPFILFSTLFSPIFTESEEQLWVCNSSDTTISYTYCDNIKFPISISAEPCITLKGTNGILHIVFIPRRDIKKLYFNLFINLNSMVLPKRKEVICRGYDDDYSFCSALKGETVNTTVPFSFRGILFSKGQYTCVAEAIVGDIEEKLFCLNFTIIH,leaf,3YdncopFVY,7,3YdncopFVY,0.45038337000000006,3YdncopFVY,,,,
23,XP_016009179,PREDICTED: lymphocyte antigen 96 [Rousettus aegyptiacus],ref|XP_016009179.1|,ref|XP_016009179.1| PREDICTED: lymphocyte antigen 96 [Rousettus aegyptiacus],0.16967708,1.02544e-78,1,158,9,166,RyKvYgCHYQ,MFPFMLFSTLFSSVFTQPAEQHWVCNSSDTDIWYTYCDDMKFPISLNVNPCITLKGTRGNLHVSYIPRRDIKKLYFNLYVSFNSMNFPLRTEVVCHGSDDVYSFCRALKGETVNATIPFSFRGLRFTKGRYRCIAEAFSGHTEEKLFCLNFTIIH,leaf,RyKvYgCHYQ,31,RyKvYgCHYQ,0.56213351,RyKvYgCHYQ,,,,
24,XP_006880603,PREDICTED: lymphocyte antigen 96 [Elephantulus edwardii],ref|XP_006880603.1|,ref|XP_006880603.1| PREDICTED: lymphocyte antigen 96 [Elephantulus edwardii],0.18857885,1.64055e-78,1,155,9,163,9mRoSgi3Vt,MFSFMLFPTLFPTVFPEPKQQHWICNSSDLSVWYTYCDNMKYPISIIPTPCVSLKGSKGQLHLSYIPRRDMKKLYFNLYVSINSLDFPKRKEVICRGSDDDYSFCRALKGETINTTISFSYKGLKFSKGQYRVVAEAITGSAEEMLFCLNFTLIH,leaf,9mRoSgi3Vt,16,9mRoSgi3Vt,0.53337438,9mRoSgi3Vt,,,,
25,XP_006185920,PREDICTED: lymphocyte antigen 96 [Camelus ferus] >ref|XP_010949774.1| PREDICTED: lymphocyte antigen 96 [Camelus bactrianus] >ref|XP_010977720.1| PREDICTED: lymphocyte antigen 96 [Camelus dromedarius],ref|XP_006185920.1|,ref|XP_006185920.1| PREDICTED: lymphocyte antigen 96 [Camelus ferus] >ref|XP_010949774.1| PREDICTED: lymphocyte antigen 96 [Camelus bactrianus] >ref|XP_010977720.1| PREDICTED: lymphocyte antigen 96 [Camelus dromedarius],0.19038135,2.1604e-78,1,160,9,168,ByYLcYwKmP,MFPLMLFSTLFSSIFTEPGEKHWICNSSDASIWYNYCDDKKFPISISTKPCITLKGSNGYLYLYFIPRRDIKKLYFNLYISVKSIRLPERKEVICRGSDDNYSFCRALKGETVNTTIGFSFKGLRFSKGQYNCVAEAISGDTEERLLCLNFTIIH,leaf,ByYLcYwKmP,29,ByYLcYwKmP,0.5633677699999999,ByYLcYwKmP,,,,
26,XP_014709236,PREDICTED: lymphocyte antigen 96 isoform X1 [Equus asinus],ref|XP_014709236.1|,ref|XP_014709236.1| PREDICTED: lymphocyte antigen 96 isoform X1 [Equus asinus],0.25905319,3.09326e-78,14,173,9,168,5DIpbLjchH,MFSFMLFFTLFSSIFPEPEELRWICNSSDMSIWYTYCDNMKSPISINLEPCIELKGTSGHLHILFVPRRDIKKLYFNLYLTMNSLEFPMRKEVICRGSDDDYSFCRALKGETVNTTVSFSFRGMRFPKGRYRCIAEAVVGNTEEALFCLNFTLLH,leaf,5DIpbLjchH,19,5DIpbLjchH,0.53849548,5DIpbLjchH,,,,
27,XP_004842102,lymphocyte antigen 96 [Heterocephalus glaber] >gb|EHB04643.1| Lymphocyte antigen 96 [Heterocephalus glaber],ref|XP_004842102.1|,ref|XP_004842102.1| lymphocyte antigen 96 [Heterocephalus glaber] >gb|EHB04643.1| Lymphocyte antigen 96 [Heterocephalus glaber],0.15591135,7.95905e-78,1,160,9,168,Lx5x6gMW2r,MLPFMLFSTLFSPIFTEPEEPLWICSSSDANISYTYCDNKKFPISINIIPCLTLKGSSGSLHIFFIPRRDLKKLYFNLHISFHSMKLPMRKEVICRGYDDEYSFCRALKGESVNATIAFSFKGIRFAKGRYNCVAEAITGDIEERLFCLNFTIEH,leaf,Lx5x6gMW2r,6,Lx5x6gMW2r,0.56285377,Lx5x6gMW2r,,,,
28,XP_004679848,PREDICTED: lymphocyte antigen 96 [Condylura cristata],ref|XP_004679848.1|,ref|XP_004679848.1| PREDICTED: lymphocyte antigen 96 [Condylura cristata],0.25906553,9.80125e-78,1,160,9,168,lxJiokF4ke,MFPLMLFSTLFSSIFTEPGEKHWICNSSDASIWYSYCDNMKYPISINIHPCLTLKGHRGYLHIFYIARGDLKNLYFNLKLSFNSMNFLERTQVICKGADGDYSFCRALKGETVNTTISYSFKRLLFSKGQYRLIVEAITGSTGEMLFCLNFIIIH,leaf,lxJiokF4ke,32,lxJiokF4ke,0.55478043,lxJiokF4ke,,,,
29,XP_008148549,lymphocyte antigen 96 [Eptesicus fuscus],ref|XP_008148549.1|,ref|XP_008148549.1| lymphocyte antigen 96 [Eptesicus fuscus],0.161853,9.90924e-78,1,160,9,168,DYAneOj3vG,MFPLMLFSTLFSSTLPESGEQHWICNSSDVSLWYTYCDNVKYPISVRSEPCVELKGSKGYLHISYIPRRDMKNLYFNLYLSFKTMTFPMRKEVICRGSDDDYSFCRALKGETVNTSVPFSFKGILFSKGKYRWIVEAITGNTEEMLFCLNFTIIH,leaf,DYAneOj3vG,34,DYAneOj3vG,0.5236091900000001,DYAneOj3vG,,,,
30,XP_007954948,PREDICTED: lymphocyte antigen 96 [Orycteropus afer afer],ref|XP_007954948.1|,ref|XP_007954948.1| PREDICTED: lymphocyte antigen 96 [Orycteropus afer afer],0.15215099,1.58263e-77,1,155,9,163,5kPeOnAivT,MFPFLLFSTLFPFIFTELGEQHWICNSSDLSVWYTYCDNMKYPISLNLIPCITLKGSRGHLQISYIPRRDIKKLYFNLYVSTKSLDFPKRKEVVCRGSDDDYSFCRALKGETVNTTVSFSFKEIKFSKGRYKIIAEAIAGSTEEMIFCLNATVIH,leaf,5kPeOnAivT,16,5kPeOnAivT,0.49694652000000006,5kPeOnAivT,,,,
31,XP_004637614,lymphocyte antigen 96 isoform X1 [Octodon degus],ref|XP_004637614.1|,ref|XP_004637614.1| lymphocyte antigen 96 isoform X1 [Octodon degus],0.18283164,5.41573e-77,1,160,9,168,q33fxU9P1u,MLPLMLFSTLFSPIFTEPKDHHWICNSSDASISYTYCDDMKFPISVNVTPCLTFKGSSGTLNISFIPRRDLRKLYFNLYVSFKSMNLPERKEVICRGYDDVYSFCRALKGETVNAKVPFSYRGILFSKGRYSCVAEAITGDAEERLFCLNFTIMH,leaf,q33fxU9P1u,6,q33fxU9P1u,0.58977406,q33fxU9P1u,,,,
32,XP_007080415,PREDICTED: lymphocyte antigen 96 isoform X2 [Panthera tigris altaica] >ref|XP_007080416.1| PREDICTED: lymphocyte antigen 96 isoform X1 [Panthera tigris altaica],ref|XP_007080415.1|,ref|XP_007080415.1| PREDICTED: lymphocyte antigen 96 isoform X2 [Panthera tigris altaica] >ref|XP_007080416.1| PREDICTED: lymphocyte antigen 96 isoform X1 [Panthera tigris altaica],0.09874564,8.03469e-77,1,160,9,168,S4AcjwXoJI,MFPFILFSTLFSSTFTEPGELQWICNSSDSSVWYSHCDNMKVPISIAIKPCMSMKGSGGYVHLSFIPRRDIKKLYFNLYLSINSMDLPVRKEVICRGSDDVYSFCRALKGETVNTTVHFSFRGIRFSKGQYRCVAEAITGNTEEMLFCLNFTVIY,leaf,S4AcjwXoJI,24,S4AcjwXoJI,0.53058637,S4AcjwXoJI,,,,
33,NP_001039982,lymphocyte antigen 96 precursor [Bos taurus] >ref|XP_005907571.1| PREDICTED: lymphocyte antigen 96 [Bos mutus] >ref|XP_010845241.1| PREDICTED: lymphocyte antigen 96 [Bison bison bison] >gb|ABC47879.1| MD-2 protein [Bos taurus] >gb|ELR47773.1| Lymphocyte antigen 96 [Bos mutus] >tpg|DAA22676.1| TPA: lymphocyte antigen 96 [Bos taurus],ref|NP_001039982.1|,ref|NP_001039982.1| lymphocyte antigen 96 precursor [Bos taurus] >ref|XP_005907571.1| PREDICTED: lymphocyte antigen 96 [Bos mutus] >ref|XP_010845241.1| PREDICTED: lymphocyte antigen 96 [Bison bison bison] >gb|ABC47879.1| MD-2 protein [Bos taurus] >gb|ELR47773.1| Lymphocyte antigen 96 [Bos mutus] >tpg|DAA22676.1| TPA: lymphocyte antigen 96 [Bos taurus],0.18489134,1.60236e-76,1,160,9,168,CW8ZlOPIVn,MFPFVLFSTLFSSIFTEPRENRWVCNSSDATVWYDYCDNLKFPVSIRSEPCITLKGSRGILYLYYIPRRDIRSLYFNIYLSTKSMNFPLRKEVICRGYDDDFSFCRALKGETVNTTIQFSFRGIRFSKGQYNCITEAIEGNTEEKLFCLNFTIIH,leaf,CW8ZlOPIVn,30,CW8ZlOPIVn,0.60198902,CW8ZlOPIVn,,,,
34,XP_016071489,PREDICTED: lymphocyte antigen 96 isoform X1 [Miniopterus natalensis],ref|XP_016071489.1|,ref|XP_016071489.1| PREDICTED: lymphocyte antigen 96 isoform X1 [Miniopterus natalensis],0.20551033,6.95648e-76,1,160,9,168,KrFSfsn3F0,MFPLMLFSMLFSSTCTEPREPHWICNSSDLTFWYTYCDHMEYPILIKTEPCIQLMGSKGYLHIFYIPRRDIKKLYFNLYLSYNSLNFPVRQEVVCRGSDDEFSFCRALKGETVNTTVSFSFRGIRFSKGRYQCVVEAITGNTGEMLFCLNFTIIH,leaf,KrFSfsn3F0,33,KrFSfsn3F0,0.53028524,KrFSfsn3F0,,,,
35,XP_029078284,lymphocyte antigen 96 [Monodon monoceros],ref|XP_029078284.1|,ref|XP_029078284.1| lymphocyte antigen 96 [Monodon monoceros],0.13175259,1.12656e-75,1,158,9,166,saTyTwOjYt,MFPFMLLSALFSSTFTEPGEKHWICNSSDTSVWYSYCDNLKFPISINAEPCITLKGGRGNLYLYYIPRRDIKSLYFNIYVSFKSVNFPVRKEVICRGSDDDYSFCRALKGETVNTTISFSFKGIRFSEGRYKCITEAIAGNTEERLLCLNFTVIY,leaf,saTyTwOjYt,30,saTyTwOjYt,0.54885027,saTyTwOjYt,,,,
36,XP_021026766,lymphocyte antigen 96 isoform X1 [Mus caroli],ref|XP_021026766.1|,ref|XP_021026766.1| lymphocyte antigen 96 isoform X1 [Mus caroli],0.22970994,1.40255e-75,1,160,9,168,vECiTBLzCA,MLPFIFFSTLLSPIFTESEKQQWICNSSDAIISYSYCDHMKFPISISSEPCIRLRGTNGFVHVEFIPRGNLKYLYFNLFISVNSIELPKRKEVLCHGHDDDYSFCRALKGETVNTSIPFSFEGILFPKGHYRCVAEAIAGDTEEKLFCLNFTIIH,leaf,vECiTBLzCA,7,vECiTBLzCA,0.5412041000000001,vECiTBLzCA,,,,
37,,,,,0.0,,,,,,LmITPBiH4B,,root,0,,0,0.0,38,MLPFLFFSTLFSSIFTEAQKQHWVCNSSDASISYTYCDKMQYPISINVDPCIKLKGTKGLLHIFYIPRRDLKQLYFNLYITVNSMNLPKRKEVICRGSDDDYSFCRALKGETVNTTVPFSFKGIKFSKGKYKCVAEAISGSPEEMLFCLEFAIIH,0.9810645161290324,MLPFIFFSTLFSSIFTEAQKQHWVCNSSDASISYTYCDKMQYPISINVDPCIELKGTKGLLHIFYIPRRDLKQLYFNLYITVNSMNLPKRKEVICRGSDDDYSFCRALKGETVNTTVPFSFKGIKFSKGRYKCVAEAISGSPEEMLFCLEFVIIH,0.9783032258064516
38,,,,,0.15827672,,,,,,rQNGHm6Eel,,node,1,0,1,0.15827672,39,MLPFMLFSTLFSSIFTEPEKQHWVCNSSDASISYTYCDNMKYPISINVEPCITLKGTKGFLHIFYIPRRDLKKLYFNLYISVNSMDLPKRKEVICRGSDDDYSFCRALKGETVNTTVPFSFKGIRFSKGQYRCVAEAIAGNTEEMLFCLNFTIIH,0.9914387096774193,MLPFMLFSTLFSSIFTEPEKQHWVCNSSDASISYTYCDNMKYPISINVEPCITLKGTKGFLHIFYIPRRDLKKLYFNLYISVNSMNLPKRKEVICRGSDDDYSFCRALKGETVNTTVPFSFKGIRFPKGQYRCVAEAIAGNTEEMLFCLNFTIIH,0.9886774193548388
39,,,,,0.05343945,,,,,,R7ibZXq5FA,,node,2,1,2,0.21171617,40,MLPFMLFSTLFSSIFTEPEEQHWVCNSSDATISYTYCDNMKYPISINTEPCITLKGTKGFLHIFYIPRRDLKKLYFNLYISVNSMELPKRKEVICRGSDDEYSFCRALKGETVNTTVPFSFKGIRFPKGQYRCVAEAIAGDTEEKLFCLNFTIIH,0.9890774193548383,MLPFMLFSTLFSSIFTEPEEQHWVCNSSDATISYTYCDNMKFPISINVEPCITLKGTKGFLHIFYIPRRDLKKLYFNLYISVNSMELPKRKEVICRGSDDEYSFCRALKGETVNTTVPFSFKGIRFPKGQYRCVAEAIAGDTEEKLFCLNFTIIH,0.9829806451612899
40,,,,,0.00899287,,,,,,l4RIw2gaUY,,node,3,2,3,0.22070904000000002,41,MLPFMLFSTLFSSIFTEPEEQHWVCNSSDATISYTYCDNMKFPISINTEPCITLKGTKGFLHIFYIPRRDLKKLYFNLYISVNSMELPKRKEVICRGSDDEYSFCRALKGETVNTTVPFSFKGIRFPKGQYRCVAEAIAGDTEEKLFCLNFTIIH,0.9865870967741935,MLPFMLFSTLFSSIFTEPEEQHWVCNSSDATISYTYCDNMKFPISINVEPCITLKGTKGFLHIFYIPRRDLKKLYFNLYISVNSMELPKRKEVICRGSDDEYSFCRALKGETVNTTVPFSFKGIRFPKGRYRCVAEAIAGDTEEKLFCLNFTIIH,0.9812580645161288
41,,,,,0.01926558,,,,,,Z72ZuIqb2a,,node,4,3,4,0.23997462000000003,42,MLPFMLFSTLFSSIFTEPEEQHWVCNSSDATISYTYCDNMKFPISINTEPCITLKGTNGFLHIFYIPRRDLKKLYFNLYISVNSMELPKRKEVICRGYDDEYSFCRALKGETVNTTVPFSFKGIRFPKGQYRCVAEAIAGDTEEKLFCLNFTIIH,0.9877161290322579,MLPFMLFSTLFSSIFTEPEEQHWVCNSSDATISYTYCDNMKFPISINVEPCITLKGTNGFLHIFYIPRRDLKKLYFNLYISVNSMELPKRKEVICRGYDDEYSFCRALKGETVNTTVPFSFKGIRFPKGRYRCVAEAIAGDTEEKLFCLNFTIIH,0.9825806451612902
42,,,,,0.01769762,,,,,,rz7868tSCa,,node,5,4,5,0.25767224,43,MLPFMLFSTLFSPIFTEPEEQHWVCNSSDATISYTYCDNMKFPISINTEPCITLKGTNGFLHIFFIPRRDLKKLYFNLYISVNSMELPKRKEVICRGYDDEYSFCRALKGETVNTTVPFSFKGIRFPKGQYRCVAEAIAGDTEEKLFCLNFTIIH,0.9841483870967744,MLPFMLFSTLFSPIFTEPEEQHWVCNSSDATISYTYCDNMKFPISINVEPCITLKGTNGFLHIFYIPRRDLKKLYFNLYISVNSMELPKRKEVICRGYDDEYSFCRALKGETVNTTVPFSFKGIRFPKGRYRCVAEAIAGDTEEKLFCLNFTIIH,0.9768322580645162
43,,,,,0.14927018,,,,,,7hukD12urN,,node,6,5,6,0.40694242,44,MLPFMLFSTLFSPIFTEPEEQHWICNSSDASISYTYCDNMKFPISINVTPCLTLKGSSGSLHIFFIPRRDLKKLYFNLYISFNSMKLPKRKEVICRGYDDEYSFCRALKGETVNATVPFSFKGIRFSKGRYNCVAEAITGDTEERLFCLNFTIMH,0.9559935483870958,MLPFMLFSTLFSPIFTEPEEHHWICNSSDATISYTYCDNMKFPISVNITPCLTLKGSSGTLHIFFIPRRDLKKLYFNLYISFHSMNLPKRKEVICRGYDDEYSFCRALKGETVNATVPFSFKGIRFAKGRYSCVAEAITGDTEERLFCLNFTIIH,0.9379935483870957
44,,,,,0.05382192,,,,,,Xt99Ap2q7R,,node,7,5,7,0.31149416,45,MLPFILFSTLFSPIFTESEEQHWVCNSSDATISYTYCDNMKFPISISTEPCITLKGTNGFLHIVFIPRRDLKKLYFNLFISVNSMELPKRKEVICRGYDDDYSFCRALKGETVNTTVPFSFKGILFPKGQYRCVAEAIAGDTEEKLFCLNFTIIH,0.9761096774193546,MLPFILFSTLFSPIFTESEEQQWVCNSSDATISYTYCDNMKFPISISAEPCITLKGTNGFLHIFFIPRRDLKKLYFNLYISVNSMELPKRKEVICRGYDDDYSFCRALKGETVNTTVPFSFKGILFPKGQYRCVAEAIAGDTEEKLFCLNFTIIH,0.9680322580645159
45,,,,,0.00871496,,,,,,xQyhhvnGkx,,node,8,1,8,0.16699168,46,MFPFMLFSTLFSSIFTEPEKQHWVCNSSDASISYTYCDNMKYPISINVEPCITLKGTKGFLHIFYIPRRDLKKLYFNLYISVNSMDLPKRKEVICRGSDDDYSFCRALKGETVNTTVPFSFKGIRFSKGQYRCVAEAIAGNTEEMLFCLNFTIIH,0.9929032258064515,MFPFMLFSTLFSSIFTEPEKQHWVCNSSDASISYTYCDNMKYPISINVEPCITLKGTKGFLHIFYIPRRDLKKLYFNLYISVNSMNLPKRKEVICRGSDDDYSFCRALKGETVNTTVPFSFKGIRFPKGQYRCVAEAIAGNTEEMLFCLNFTIIH,0.9899741935483869
46,,,,,0.01986069,,,,,,N4BGhWiesX,,node,9,8,9,0.18685237000000002,47,MFPFMLFSTLFSSIFTEPGKQHWVCNSSDASISYTYCDNMKYPISINVEPCITLKGTKGFLHIFYIPRRDIKKLYFNLYISVNSMDLPKRKEVICRGSDDDYSFCRALKGETVNTTVPFSFKGIRFSKGQYRCVAEAIAGNTEEMLFCLNFTIIH,0.9924774193548387,MFPFMLFSTLFSSIFTEPGKQHWVCNSSDASVSYTYCDNMKYPISINVEPCITLKGTKGFLHIFYIPRRDLKKLYFNLYISVNSMDLPKRKEVICRGSDDDYSFCRALKGETVNTTVPFSFKGIRFSKGQYRCVAEAIAGNTEEMLFCLNFTIIH,0.9892967741935484
47,,,,,0.01816938,,,,,,l9Iinn7iqX,,node,10,9,10,0.20502175,48,MFPFMLFSTLFSSIFTEPGKQHWVCNSSDASISYTYCDNMEYPISINVEPCITLKGTKGFLHIFYIPRRDIKKLYFNLYISVNSMDLPKRKEVICRGSDDVYSFCRALKGETVNTTVPFSFKGIRFSKGQYRCVAEAIAGNTEEMLFCLNFTIIH,0.989774193548387,MFPFMLFSTLFSSIFTEPGKQHWVCNSSDASVSYTYCDNMEYPISINVEPCITLKGTKGFLHIFYIPRRDLKKLYFNLYISVNSMDLPKRKEVICRGSDDVYSFCRALKGETVNTTVSFSFKGIRFSKGQYRCVAEAIAGNTEEMLFCLNFTIIH,0.9829225806451611
48,,,,,0.03307781,,,,,,5dojGuHTzk,,node,11,10,11,0.23809956000000002,49,MFPFMLFSTLFSSIFTEPGKQHWVCNSSDASISYTYCDNMEYPISINVEPCITLKGTKGLLHIFYIPRRDLNKLYFNLYISVNSMDLPKRKEVICRGSDDVYSFCRALKGETVNTTVPFSFKGIRFSKGQYRCVVEAIAGNTEEMLFCLNFTIIH,0.9791354838709677,MFPFMIFSTLFSSIFTEPGKQHWVCNSSDASVSYTYCDNMEYPISINVEPCITLKGTKGLLHIFYIPRRDINKLYFNLYISVNSMDLPKRKEVICRGSDDVYSFCRALKGETVNTTVSFSFKGIRFSKGQYRCVVEAIAGNTEEMLFCLNFTIIH,0.9741032258064516
49,,,,,0.0369199,,,,,,v5W4ixoQGh,,node,12,10,12,0.24194165,50,MFPFMLFSTLFSSIFTEPGKQYWVCNSSDASISYTYCDNMEYPISINVEPCITLTGTKGFLHIFYIPRRDIKKLYFNLYISVNSMDLPKRKEVICRGSDDVYSFCRALKGETVNTTISFSFKGIRFSKGRYRCVAEAIAGNTEEMLFCLNFTIIH,0.9864516129032258,MFPFMLFSTLFSSIFTEPGKQYWVCNSSDASVSYTYCDHMEYPISINVEPCITLTGTKGFLHIFYIPRRDIKKLYFNLYISVNSMDLPKRKEVICRGSDDVYSFCRALKGETVNTTVSFSFKGIRFSKGRYRCVAEAIAGNTEEMLFCLNFTIIH,0.9789290322580646
50,,,,,0.03378641,,,,,,z8zM2360CR,,node,13,9,13,0.22063878,51,MFPFMLFSTLFSSIFTEPGEQHWICNSSDASVWYTYCDNMKYPISINVEPCITLKGSKGYLHIFYIPRRDIKKLYFNLYISVNSMDLPKRKEVICRGSDDDYSFCRALKGETVNTTVPFSFKGIRFSKGQYRCVAEAIAGNTEEMLFCLNFTIIH,0.9891419354838712,MFPFMLFSTLFSSIFTEPGKQHWVCNSSDASIWYTYCDNMKYPISINVEPCITLKGSKGYLHIFYIPRRDIKKLYFNLYISVNSMDLPKRKEVICRGSDDDYSFCRALKGETVNTTVPFSFKGIRFSKGQYRCVAEAIAGNTEEMLFCLNFTIIH,0.9814451612903226
51,,,,,0.03738297,,,,,,JUnREn0ePa,,node,14,13,14,0.25802175000000005,52,MFPFMLFSTLFSSIFTEPGEQHWICNSSDASVWYTYCDNMKYPISINVTPCITLKGSKGHLHIYYIPRRDIKKLYFNLYISVNSLDLPKRKEVICRGSDDDYSFCRALKGETVNTTVPFSFKGIRFSKGQYRCVAEAIAGNTEEMLFCLNFTIIH,0.9787290322580645,MFPFMLFSTLFPSIFTEPGKQHWVCNSSDASIWYTYCDNMKYPISINITPCITLKGSKGHLHIYYIPRRDIKKLYFNLYISVNSLDLPKRKEVICRGSDDDYSFCRALKGETVNTTVPFSFKGIRFSKGQYRCVAEAISGSTEEMLFCLNFTIIH,0.9629806451612901
52,,,,,0.04448458,,,,,,wCfcQMtoMH,,node,15,14,15,0.30250633000000005,53,MFPFMLFSTLFPSIFTEPGEQHWICNSSDLSVWYTYCDNMKYPISLNLTPCITLKGSKGHLHIYYIPRRDIKKLYFNLYISVNSLDLPKRKEVICRGSDDDYSFCRALKGETVNTTVPFSFKGIKFSKGQYRCVAEAIAGSTEEMLFCLNFTIIH,0.9796580645161287,MFPFMLFSTLFPSIFTEPGEQHWVCNSSDLSVWYTYCDNMKYPISINLTPCITLKGSKGHLHIYYIPRRDIKKLYFNLYISVNSLDLPKRKEVICRGSDDDYSFCRALKGETVNTTIPFSFKGIKFSKGQYRCVAEAISGSTEEMLFCLNFTLIH,0.9697548387096773
53,,,,,0.0422892,,,,,,8XPAmXfL5G,,node,16,15,16,0.34479552999999996,54,MFPFMLFSTLFPSIFTEPGEQHWICNSSDLSVWYTYCDNMKYPISLNLTPCITLKGSKGHLHISYIPRRDIKKLYFNLYVSVNSLDFPKRKEVICRGSDDDYSFCRALKGETVNTTVSFSFKGIKFSKGQYRVVAEAIAGSTEEMLFCLNFTIIH,0.9770258064516129,MFPFMLFSTLFPSIFTEPGEQHWICNSSDLSVWYTYCDNMKYPISINLTPCITLKGSKGHLHISYIPRRDIKKLYFNLYISVNSLDFPKRKEVICRGSDDDYSFCRALKGETVNTTISFSFKGIKFSKGQYRVVAEAISGSTEEMLFCLNFTLIH,0.9670258064516127
54,,,,,0.044716,,,,,,9UnwUnWZT1,,node,17,15,17,0.34722233,55,MFPFVLFSTLFPSIFTEPGEQRWVCNSSDLSVWYTYCDNMKYPISLNLTPCITLKGSKGHLHIYYIPRRDIKKLYFNLYISVNSINLPKRKEVICRGSDDDYSFCRALKGETVNTTIPFSFKGIKFSKGQYRCVAEAISGSTEEMLFCLNFTLIH,0.9783806451612903,MFPFVLFSTLFPSIFTEPGEQRWVCNSSDLSVWYTYCDNMKYPISLNLTPCITLKGSKGHLHIYYIPRRDIKKLYFNLYISVNSIDLPKRKEVICRGSDDDYSFCRALKGETVNTTIPFSFKGIKFSKGQYRCVAEAIAGSTEEMLFCLNFTIIH,0.9758322580645161
55,,,,,0.04099435,,,,,,JaoP6LrGcR,,node,18,13,18,0.26163313,56,MFPFMLFSTLFSSIFTEPGEQHWICNSSDASVWYTYCDNMKYPISINVEPCITLKGSKGYLHIFYIPRRDIKKLYFNLYLSVNSMDFPMRKEVICRGSDDDYSFCRALKGETVNTTVSFSFKGIRFSKGQYRCVAEAIAGNTEEMLFCLNFTIIH,0.9921419354838709,MFPFMLFSTLFSSIFTEPGEQHWICNSSDASIWYTYCDNMKYPISINVEPCITLKGSKGYLHIFYIPRRDIKKLYFNLYLSFNSMDFPMRKEVICRGSDDDYSFCRALKGETVNTTVSFSFKGIRFSKGQYRCVAEAIAGNTEEMLFCLNFTIIH,0.9856645161290322
56,,,,,0.01780916,,,,,,xEaxMy9CcJ,,node,19,18,19,0.27944229,57,MFPFMLFSTLFSSIFTEPGEQRWICNSSDASVWYTYCDNMKYPISINVEPCITLKGSKGYLHIFYIPRRDIKKLYFNLYLSVNSMDFPMRKEVICRGSDDDYSFCRALKGETVNTTVSFSFKGIRFSKGQYRCVAEAIAGNTEEMLFCLNFTILH,0.9809354838709681,MFPFMLFSTLFSSIFTEPGEQHWICNSSDMSIWYTYCDNMKFPISINVEPCITLKGSKGYLHIFYIPRRDIKKLYFNLYLSVNSMDFPMRKEVICRGSDDDYSFCRALKGETVNTTVSFSFKGIRFSKGQYRCVAEAIAGNTEEMLFCLNFTIIH,0.9688580645161292
57,,,,,0.01512831,,,,,,rw8qxH72nk,,node,20,18,20,0.27676144,58,MFPFMLFSTLFSSIFTEPGEQHWICNSSDASVWYTYCDNMKYPISINVEPCITLKGSKGYLHIFYIPRRDIKKLYFNLYLSFNSMNFPMRKEVICRGSDDDYSFCRALKGETVNTTVSFSFKGIRFSKGQYRCVAEAIAGNTEEMLFCLNFTIIH,0.993516129032258,MFPFMLFSTLFSSIFTEPGEQHWICNSSDASVWYTYCDNMKYPISINVEPCITLKGSKGYLHIFYIPRRDIKKLYFNLYLSFNSMNFPMRKEVICRGSDDDYSFCRALKGETVNTTVSFSFKGIRFSKGQYRCVAEAISGNTEEMLFCLNFTIIH,0.9924000000000001
58,,,,,1e-08,,,,,,hf9GixeJa7,,node,21,20,21,0.27676145,59,MFPFMLFSTLFSSIFTEPGEQHWICNSSDASVWYTYCDNMKYPISINVEPCITLKGSKGYLHIFYIPRRDIKKLYFNLYLSFNSMNFPMRKEVICRGSDDDYSFCRALKGETVNTTVSFSFKGIRFSKGQYRCVAEAIAGNTEEMLFCLNFTIIH,0.993516129032258,MFPFMLFSTLFSSIFTEPGEQHWICNSSDASVWYTYCDNMKYPISINVEPCITLKGSKGYLHIFYIPRRDIKKLYFNLYLSFNSMNFPMRKEVICRGSDDDYSFCRALKGETVNTTVSFSFKGIRFSKGQYRCVAEAISGNTEEMLFCLNFTIIH,0.9924000000000001
59,,,,,0.06523079,,,,,,YOIB5bZV23,,node,22,21,22,0.34199224000000006,60,MFPFMLFSTLFSSIFTEPGEQHWICNSSDSSVWYTYCDNMKVPISIDVKPCITLKGSKGYLHLSYIPRRDIKKLYFNLYLSFNSMNFPMRKEVICRGSDDVYSFCRALKGETVNTTVSFSFRGIRFSKGQYRCVAEAISGDTEEMLFCLNFTIIH,0.9893032258064517,MFPFMLFSTLFSSIFTEPGEQHWICNSSDASVWYTYCDNMKVPISIDVKPCITLKGSKGYLHISYIPRRDIKKLYFNLYLSFNSMNFPMRKEVICRGSDDVYSFCRALKGETVNTTVSFSFRGIRFSKGQYRCVAEAISGNTEEMLFCLNFTIIH,0.9830967741935486
60,,,,,0.02196142,,,,,,qRmGvYVg4M,,node,23,22,23,0.36395365999999996,61,MFPFMLFSTLFSSIFTEPGEQHWICNSSDSSVWYTYCDNMKVPISIDVKPCITMKGSKGYLHLSYIPRRDIKKLYFNLYLSFNSMNLPMRKEVICRGSDDVYSFCRALKGETVNTTVSFSFRGIRFSKGQYRCVAEAISGDTEEMLFCLNFTIIH,0.9869548387096777,MFPFMLFSTLFSSIFTEPGEQHWICNSSDASVWYTYCDNMKVPISIDIKPCITMKGSKGYLHLSYIPRRDIKKLYFNLYLSFNSMNLPMRKEVICRGSDDVYSFCRALKGETVNTTVSFSFRGIRFSKGQYRCVAEAISGNTEEMLFCLNFTIIH,0.9828580645161293
61,,,,,0.06788707,,,,,,cRWM4YPJHg,,node,24,23,24,0.43184073,62,MFPFILFSTLFSSIFTEPGEQQWICNSSDSSVWYSHCDNMKVPISIDIKPCLTMKGSKGYLHLSFIPRRDIKKLYFNLYLSINSMNLPMRKEVICRGSDDVYSFCRALKGETVNTTVSFSFRGIRFSKGQYRCVAEAISGNTEEMLFCLNFTIIH,0.9844516129032258,MFPFILFSTLFSSIFTEPGEQQWICNSSDSSVWYSHCDNMKVPISIDIKPCITMKGSQGYLHLSFIPRRDIKKLYFNLYLSINSMNLPMRKEVICRGSDDVYSFCRALKGETVNTTVSFSFRGIRFSKGQYRCVAEAIAGNTEEMLFCLNFTVIH,0.9783419354838709
62,,,,,0.02415372,,,,,,FbXEXMreSF,,node,25,22,25,0.36614596,63,MFPFMLFSTLFSSIFTEPGEQHWICNSSDSSVWYTYCDNMKVPISIDVKPCITLKGSKGYLHLSYIPRRDIKKLYFNLYLSFNSMHFPMRKEVICRGSDDVYSFCRALKGETVNTTVSFSFRGIRFSKGQYRCVAEAISGDPEEMLFCLNFTIIH,0.9939935483870967,MFPFMLFSTLFSSIFTEPGEQHWICNSSDSSVWYTYCDNMKVPISIDVKPCITLKGSKGYLHISYIPRRDIKKLYFNLYLSFNSMHFPMRKEVICRGSDDLYSFCRALKGETVNTTVSFSFRGIRFSKGQYRCVAEAISGDPEEMLFCLNFTIIH,0.989116129032258
63,,,,,0.01390364,,,,,,N0dbHVYgJp,,node,26,25,26,0.3800496,64,MFSFMLFSTLFSSIFTEPGEQHWICNSSDSSVWYTYCDNMKVPISIDVKPCITLKGSKGYLHLSYIPRRDIKKLYFNLYLSFNSMHFPMRKEVICRGSDDVYSFCRALKGETVNTAVSFSFRGIRFSKGQYRCVAEAISGDPEEMLFCLNFTIIH,0.990916129032258,MFTFMLFSTLFSSIFTEPGEQHWICNSSDSSVWYTYCDNMKVPISIDVKPCITLKGSKGYLHLSYIPRRDIKKLYFNLYLSFNSMHFPMRKEVICRGSDDLYSFCRALKGETVNTAVSFSFRGIRFSKGQYRCVAEAISGDPEEMLFCLNFTIIH,0.9886580645161291
64,,,,,0.01632575,,,,,,5nsEV66nQ2,,node,27,25,27,0.38247171,65,MFPFMLFSTLFSSIFTEPGEQHWICNSSDSSVWYTYCDNMKVPISIDVKPCITLKGSKGYLHISYIPRRDIKKLYFNLYLSFHSMHFPMRKEVICRGSDDLYSFCRALKGETVNTTVSFSFRGIRFSKGQYRCVAEAISGDPEEMLFCLNFTIIH,0.9972451612903223,MFPFMLFSTLFSSIFTEPGEQHWICNSSDSSVWYTYCDNMKVPISIDVKPCITLKGSKGYLHISYIPRRDIKKLYFNLYLSFHSMHFPMRKEVICRGSDDLYSFCRALKGETVNTTVSFSFRGIRFSKGQYRCVAEAISGDPEEMLFCLNFTIIH,0.9972451612903223
65,,,,,0.03011989,,,,,,5gUphefCzA,,node,28,21,28,0.30688134,66,MFPFMLFSTLFSSIFTEPGEQHWICNSSDASVWYTYCDNMKFPISINVEPCITLKGSRGYLHIFYIPRRDIKKLYFNLYLSFNSMNFPVRKEVICRGSDDDYSFCRALKGETVNTTISFSFKGIRFSKGQYRCVAEAIAGNTEEKLFCLNFTIIH,0.9835419354838708,MFPFMLFSTLFSSIFTEPGEQHWICNSSDASIWYTYCDNMKFPISINVEPCITLKGSRGYLHIFYIPRRDIKKLYFNLYLSFNSMNFPMRKEVICRGSDDDYSFCRALKGETVNTTISFSFKGIRFSKGQYRCIAEAISGNTEERLFCLNFTIIH,0.9735225806451612
66,,,,,0.06610508,,,,,,vHge5J92QK,,node,29,28,29,0.37298642000000004,67,MFPFMLFSTLFSSIFTEPGEKHWICNSSDASVWYSYCDNMKFPISINTEPCITLKGSRGYLYLYYIPRRDIKKLYFNLYLSFKSMNFPVRKEVICRGSDDDYSFCRALKGETVNTTISFSFKGIRFSKGQYNCVAEAIAGNTEERLFCLNFTIIH,0.9679806451612903,MFPFMLFSTLFSSIFTEPGEKHWICNSSDASIWYNYCDNLKFPISINAEPCITLKGSRGYLYLYYIPRRDIKKLYFNLYLSFKSMNFPMRKEVICRGSDDDYSFCRALKGETVNTTISFSFKGIRFSKGQYNCIAEAISGNTEEKLLCLNFTIIH,0.9530645161290322
67,,,,,0.04411126,,,,,,H8v8QgLJ8n,,node,30,29,30,0.41709768,68,MFPFMLFSTLFSSIFTEPGEKHWICNSSDASVWYSYCDNLKFPISINAEPCITLKGSRGYLYLYYIPRRDIKSLYFNIYLSFKSMNFPVRKEVICRGSDDDYSFCRALKGETVNTTISFSFKGIRFSKGQYNCITEAIAGNTEERLFCLNFTIIH,0.9713483870967738,MFPFMLFSTLFSSIFTEPGEKHWICNSSDASVWYNYCDNLKFPISINTEPCITLKGSRGYLYLYYIPRRDIKSLYFNIYLSFKSMNFPMRKEVICRGSDDDYSFCRALKGETVNTTISFSFKGIRFSKGQYKCITEAISGNTEEKLLCLNFTIIH,0.9566838709677415
68,,,,,0.08557509,,,,,,Wpg9zZ2dDi,,node,31,28,31,0.39245642999999997,69,MFPFMLFSTLFSSIFTEPAEQHWICNSSDTDIWYTYCDNMKFPISLNVNPCITLKGSRGYLHIFYIPRRDIKKLYFNLYLSFNSMNFPVRKEVICHGSDDEYSFCRALKGETVNTTISFSFKGIRFSKGQYRCIAEAISGHTEEKLFCLNFTIIH,0.9857161290322579,MFPFMLFSTLFSSIFTEPAEQHWICNSSDTDIWYTYCDNMKFPISLNVNPCITLKGSRGYLHIFYIPRRDIKKLYFNLYLSFNSMNFPVRKEVICHGSDDEYSFCRALKGETVNTTISFSFKGIRFSKGQYRCIAEAITGYTEEKLFCLNFTIIH,0.9831290322580645
69,,,,,0.01895346,,,,,,wMFZ7trcSN,,node,32,20,32,0.2957149,70,MFPLMLFSTLFSSIFTEPGEQHWICNSSDASVWYTYCDNMKYPISINVEPCITLKGSKGYLHIFYIPRRDIKKLYFNLYLSFNSMNFPMRKEVICRGSDDDYSFCRALKGETVNTTVSFSFKGIRFSKGQYRCVVEAITGNTEEMLFCLNFTIIH,0.992438709677419,MFPLMLFSTLFSSIFTEPGEQHWICNSSDASIWYTYCDNMKYPISINVEPCITLKGSKGYLHIFYIPRRDIKKLYFNLYLSFNSMNFPMRKEVICRGSDDDYSFCRALKGETVNTTVSFSFKGIRFSKGQYRCVVEAIAGNTEEMLFCLNFTIIH,0.9862709677419352
70,,,,,0.02906001,,,,,,2ec37Qx10N,,node,33,32,33,0.32477491,71,MFPLMLFSTLFSSTFTEPGEQHWICNSSDASVWYTYCDNMKYPISINTEPCITLKGSKGYLHIFYIPRRDIKKLYFNLYLSFNSMNFPMRKEVICRGSDDDYSFCRALKGETVNTTVSFSFKGIRFSKGRYRCVVEAITGNTEEMLFCLNFTIIH,0.9831741935483871,MFPLMLFSTLFSSTFTEPGEQHWICNSSDASVWYTYCDNMKYPISIKVEPCITLKGSKGYLHIFYIPRRDIKKLYFNLYLSFNSMNFPMRKEVICRGSDDDYSFCRALKGETVNTTVSFSFKGIRFSKGRYRCVVEAIAGNTEEMLFCLNFTIIH,0.9770387096774192
71,,,,,0.03698128,,,,,,Oz0kbTFnGh,,node,34,33,34,0.36175619000000003,72,MFPLMLFSTLFSSTFTEPGEQHWICNSSDASVWYTYCDNMKYPISINTEPCITLKGSKGYLHIFYIPRRDIKKLYFNLYLSFNTMNFPMRKEVICRGSDDDYSFCRALKGETVNTSVPFSFKGILFSKGRYRCVVEAITGNTEEMLFCLNFTIIH,0.9768580645161289,MFPLMLFSTLFSSTFTEPGEQHWICNSSDASVWYTYCDNMKYPISIKSEPCITLKGSKGYLHIFYIPRRDIKKLYFNLYLSFNTMNFPMRKEVICRGSDDDYSFCRALKGETVNTTVPFSFKGILFSKGRYRCVVEAIAGNTEEMLFCLNFTIIH,0.970025806451613
